SalePrice,GrLivArea,OverallQual,YearBuilt,GarageArea,TotalBsmtSF,GarageCars,TotRmsAbvGrd,Neighborhood,CentralAir,BsmtQual,ExterQual
208500,1710,7,2003,548,856,2,8,CollgCr,Y,Gd,Gd
181500,1262,6,1976,460,1262,2,6,Veenker,Y,Gd,TA
223500,1786,7,2001,608,920,2,6,CollgCr,Y,Gd,Gd
140000,1717,7,1915,642,756,3,7,Crawfor,Y,TA,TA
250000,2198,8,2000,836,1145,3,9,NoRidge,Y,Gd,Gd
143000,1362,5,1993,480,796,2,5,Mitchel,Y,Gd,TA
307000,1694,8,2004,636,1686,2,7,Somerst,Y,Ex,Gd
200000,2090,7,1973,484,1107,2,7,NWAmes,Y,Gd,TA
129900,1774,7,1931,468,952,2,8,OldTown,Y,TA,TA
118000,1077,5,1939,205,991,1,5,BrkSide,Y,TA,TA
129500,1040,5,1965,384,1040,1,5,Sawyer,Y,TA,TA
345000,2324,9,2005,736,1175,3,11,NridgHt,Y,Ex,Ex
144000,912,5,1962,352,912,1,4,Sawyer,Y,TA,TA
279500,1494,7,2006,840,1494,3,7,CollgCr,Y,Gd,Gd
157000,1253,6,1960,352,1253,1,5,NAmes,Y,TA,TA
132000,854,7,1929,576,832,2,5,BrkSide,Y,TA,TA
149000,1004,6,1970,480,1004,2,5,NAmes,Y,TA,TA
90000,1296,4,1967,516,0,2,6,Sawyer,Y,None,TA
159000,1114,5,2004,576,1114,2,6,SawyerW,Y,TA,TA
139000,1339,5,1958,294,1029,1,6,NAmes,Y,TA,TA
325300,2376,8,2005,853,1158,3,9,NridgHt,Y,Ex,Gd
139400,1108,7,1930,280,637,1,6,IDOTRR,Y,TA,TA
230000,1795,8,2002,534,1777,2,7,CollgCr,Y,Gd,Gd
129900,1060,5,1976,572,1040,2,6,MeadowV,Y,Gd,TA
154000,1060,5,1968,270,1060,1,6,Sawyer,Y,TA,TA
256300,1600,8,2007,890,1566,3,7,NridgHt,Y,Gd,Gd
134800,900,5,1951,576,900,2,5,NAmes,Y,TA,TA
306000,1704,8,2007,772,1704,3,7,NridgHt,Y,Ex,Gd
207500,1600,5,1957,319,1484,1,6,NAmes,Y,TA,TA
68500,520,4,1927,240,520,1,4,BrkSide,N,TA,TA
40000,1317,4,1920,250,649,1,6,IDOTRR,N,TA,TA
149350,1228,5,1966,271,1228,1,6,Sawyer,Y,TA,TA
179900,1234,8,2007,484,1234,2,7,CollgCr,Y,Ex,Gd
165500,1700,5,1959,447,1398,2,6,NAmes,Y,TA,TA
277500,1561,9,2005,556,1561,2,6,NridgHt,Y,Ex,Ex
309000,2452,8,2004,691,1117,3,9,NridgHt,Y,Ex,Gd
145000,1097,5,1994,672,1097,2,6,CollgCr,Y,Gd,TA
153000,1297,5,1954,498,1297,2,5,NAmes,Y,TA,TA
109000,1057,5,1953,246,1057,1,5,NAmes,Y,TA,TA
82000,1152,4,1955,0,0,0,6,Edwards,N,None,TA
160000,1324,6,1965,440,1088,2,6,NAmes,Y,TA,TA
170000,1328,5,1959,308,1350,1,5,Timber,Y,TA,TA
144000,884,5,1983,504,840,2,5,SawyerW,Y,Gd,TA
130250,938,5,1975,308,938,1,5,CollgCr,Y,Gd,TA
141000,1150,5,1959,300,1150,1,6,NAmes,Y,TA,TA
319900,1752,9,2005,576,1752,2,6,NridgHt,Y,Ex,Ex
239686,2149,7,2003,670,1434,2,6,Mitchel,Y,Ex,Gd
249700,1656,8,2006,826,1656,3,7,Somerst,Y,Gd,Gd
113000,1452,4,1920,0,736,0,8,OldTown,Y,TA,TA
127000,955,5,1966,386,955,1,6,Sawyer,Y,TA,TA
177000,1470,6,1997,388,794,2,6,Gilbert,Y,Gd,TA
114500,1176,6,1934,528,816,2,6,BrkSide,Y,TA,TA
110000,816,5,1963,516,816,2,5,IDOTRR,N,Gd,Fa
385000,1842,9,1981,894,1842,3,5,Veenker,Y,Ex,Gd
130000,1360,5,1955,572,384,2,6,NAmes,Y,TA,TA
180500,1425,6,1964,576,1425,2,7,NAmes,Y,TA,TA
172500,1739,8,1999,480,970,2,7,Somerst,Y,Gd,Gd
196500,1720,7,2004,565,860,2,7,CollgCr,Y,Gd,Gd
438780,2945,10,2006,641,1410,3,10,StoneBr,Y,Ex,Ex
124900,780,5,1972,352,780,1,4,CollgCr,Y,TA,TA
158000,1158,6,2004,576,1158,2,5,SawyerW,Y,Gd,TA
101000,1111,5,1920,288,530,1,6,IDOTRR,N,TA,TA
202500,1370,8,2006,484,1370,2,6,NridgHt,Y,Gd,Gd
140000,1710,7,1921,480,576,2,9,OldTown,Y,TA,TA
219500,2034,7,1997,645,1057,2,8,CollgCr,Y,Gd,TA
317000,2473,8,2004,852,1143,3,9,NridgHt,Y,Ex,Gd
180000,2207,7,1970,576,1947,2,7,NAmes,Y,Gd,TA
226000,1479,7,2003,558,1453,2,7,CollgCr,Y,Gd,Gd
80000,747,4,1945,220,747,1,4,OldTown,Y,TA,TA
225000,2287,7,1953,667,1304,2,7,ClearCr,Y,TA,Gd
244000,2223,7,1973,516,2223,2,8,NAmes,Y,Gd,TA
129500,845,4,1982,360,845,2,4,Mitchel,Y,TA,TA
185000,1718,7,1998,427,832,2,7,Gilbert,Y,Gd,TA
144900,1086,5,1954,490,1086,2,6,NAmes,Y,TA,TA
107400,1605,3,1915,379,840,1,8,OldTown,N,Fa,Gd
91000,988,4,1973,297,462,1,5,MeadowV,Y,Gd,TA
135750,952,4,1956,283,952,1,4,NAmes,Y,TA,TA
127000,1285,5,1948,240,672,1,6,BrkSide,Y,TA,TA
136500,1768,4,1968,0,1768,0,8,Sawyer,N,TA,TA
110000,1230,5,1910,440,440,2,5,OldTown,Y,TA,TA
193500,2142,6,1968,509,896,1,8,NAmes,Y,Gd,TA
153500,1337,6,1998,405,1237,2,5,Mitchel,Y,Ex,TA
245000,1563,8,2007,758,1563,3,6,Somerst,Y,Gd,TA
126500,1065,5,1960,461,1065,2,6,NAmes,Y,TA,TA
168500,1474,7,1995,400,384,2,7,Gilbert,Y,Gd,TA
260000,2417,8,1991,462,1288,2,9,NoRidge,Y,Gd,Gd
174000,1560,6,2005,400,684,2,6,Gilbert,Y,Gd,Gd
164500,1224,6,2009,528,612,2,4,Somerst,Y,Gd,Gd
85000,1526,3,1915,0,1013,0,6,IDOTRR,N,TA,Fa
123600,990,4,1994,0,990,0,5,CollgCr,Y,Gd,TA
109900,1040,4,1950,420,0,2,4,NAmes,Y,None,TA
98600,1235,5,1961,480,1235,2,6,NAmes,Y,TA,TA
163500,964,5,1921,432,876,2,5,Crawfor,Y,Gd,TA
133900,2291,6,1910,506,1214,2,9,OldTown,N,TA,TA
204750,1786,6,1997,684,824,2,7,CollgCr,Y,Gd,TA
185000,1470,6,1993,420,680,2,6,Gilbert,Y,Gd,Ex
214000,1588,7,1999,472,1588,2,6,CollgCr,Y,Gd,Gd
94750,960,4,1965,432,960,1,6,Edwards,Y,TA,TA
83000,835,5,1920,366,458,1,5,Edwards,N,TA,TA
128950,1225,4,1959,0,950,0,6,NAmes,Y,TA,TA
205000,1610,6,1977,480,1610,2,6,NWAmes,Y,TA,TA
178000,1732,6,1985,476,741,2,7,SawyerW,Y,Gd,Gd
118964,1535,5,1979,410,0,2,8,SawyerW,Y,None,TA
198900,1226,7,2009,740,1226,3,6,CollgCr,Y,Gd,TA
169500,1818,7,1931,240,1040,1,7,IDOTRR,Y,TA,TA
250000,1992,8,2003,648,1053,2,9,Somerst,Y,Ex,Gd
100000,1047,4,1885,273,641,1,6,OldTown,Y,Fa,TA
115000,789,5,1948,250,789,1,5,OldTown,Y,TA,TA
115000,1517,5,1919,0,793,0,7,IDOTRR,N,TA,TA
190000,1844,6,1977,546,1844,2,7,NWAmes,Y,Gd,TA
136900,1855,6,1954,325,994,1,7,Edwards,Y,TA,TA
180000,1430,7,2000,400,384,2,7,Gilbert,Y,Gd,TA
383970,2696,7,2007,792,1264,3,10,CollgCr,Y,Ex,Gd
217000,2259,6,1953,450,1809,2,7,Crawfor,Y,Gd,TA
259500,2320,6,1945,180,1028,1,9,Crawfor,Y,TA,TA
176000,1458,6,1999,440,729,2,5,Somerst,Y,Gd,TA
139000,1092,5,1962,288,1092,1,6,Sawyer,Y,TA,TA
155000,1125,5,2006,430,1125,2,5,Edwards,Y,Gd,TA
320000,3222,7,1990,594,1673,3,11,SawyerW,Y,Gd,TA
163990,1456,6,2005,390,728,2,8,CollgCr,Y,Gd,Gd
180000,988,6,1969,540,938,2,4,ClearCr,Y,TA,TA
100000,1123,4,1939,264,732,1,4,IDOTRR,Y,TA,TA
136000,1080,6,1958,288,1080,1,5,NAmes,Y,TA,TA
153900,1199,6,1993,530,1199,2,5,SawyerW,Y,Gd,Gd
181000,1586,6,1979,435,1362,2,7,NWAmes,Y,Gd,TA
84500,754,6,1935,0,520,0,5,IDOTRR,N,TA,TA
128000,958,6,1976,440,1078,2,5,NPkVill,Y,Gd,TA
87000,840,5,1930,0,672,0,5,OldTown,Y,TA,TA
155000,1348,6,1966,453,660,2,6,NAmes,Y,TA,TA
150000,1053,5,1958,750,1008,2,6,NAmes,Y,TA,TA
226000,2157,7,1966,487,924,2,8,NAmes,Y,TA,TA
244000,2054,6,2000,390,992,2,7,Gilbert,Y,Gd,Gd
150750,1327,5,1959,624,1063,2,7,NAmes,Y,TA,TA
220000,1296,8,2001,471,1267,2,6,Timber,Y,Ex,Gd
180000,1721,5,1968,440,1461,2,7,Sawyer,Y,TA,TA
174000,1682,7,1970,530,1304,2,7,NWAmes,Y,TA,TA
143000,1214,5,1967,318,1214,1,5,NAmes,Y,TA,TA
171000,1959,7,1988,766,1907,3,9,Mitchel,Y,TA,TA
230000,1852,8,1999,660,1004,3,7,CollgCr,Y,Gd,Gd
231500,1764,6,1997,470,928,2,7,CollgCr,Y,Gd,TA
115000,864,4,1971,0,864,0,5,NAmes,Y,TA,TA
260000,1734,7,2005,660,1734,2,7,CollgCr,Y,Gd,Gd
166000,1385,5,1952,720,910,2,6,NAmes,Y,TA,TA
204000,1501,7,1999,577,1490,2,6,CollgCr,Y,Gd,Gd
125000,1728,5,1963,504,1728,2,10,Sawyer,Y,TA,TA
130000,1709,6,2004,380,970,2,7,Edwards,Y,Gd,Gd
105000,875,5,1931,180,715,1,5,BrkSide,Y,TA,TA
222500,2035,7,2001,434,884,2,8,Gilbert,Y,Gd,Gd
141000,1080,7,2004,0,1080,0,6,SawyerW,Y,Gd,TA
115000,1344,5,1936,240,896,1,7,BrkSide,Y,Gd,TA
122000,969,5,1975,440,969,2,5,CollgCr,Y,TA,TA
372402,1710,8,2007,866,1710,3,6,NridgHt,Y,Ex,Gd
190000,1993,6,1971,495,825,2,8,NWAmes,Y,TA,TA
235000,1252,6,1960,564,1602,2,4,ClearCr,Y,Gd,TA
125000,1200,6,1923,312,1200,1,7,OldTown,Y,TA,TA
79000,1096,6,1924,0,572,0,5,Edwards,N,TA,TA
109500,1040,5,1950,625,0,2,5,NAmes,Y,None,TA
269500,1968,8,2009,680,774,3,8,Timber,Y,Ex,Gd
254900,1947,7,2004,678,991,2,8,Somerst,Y,Gd,Gd
320000,2462,7,2005,576,1392,2,9,Gilbert,Y,Gd,Gd
162500,1232,6,1984,516,1232,2,6,Veenker,Y,Gd,TA
412500,2668,9,2003,726,1572,3,10,NridgHt,Y,Ex,Gd
220000,1541,7,2005,532,1541,2,7,NridgHt,Y,Gd,Gd
103200,882,4,1956,0,882,0,4,OldTown,Y,TA,TA
152000,1616,6,1926,216,1149,1,5,OldTown,Y,TA,TA
127500,1355,5,1940,0,644,0,6,Edwards,Y,TA,TA
190000,1867,5,1955,303,1617,1,7,ClearCr,Y,TA,Gd
325624,2161,8,2007,789,1582,3,8,NridgHt,Y,Ex,Gd
183500,1720,7,2004,440,840,2,7,Gilbert,Y,Gd,Gd
228000,1707,8,1981,511,1686,2,6,Timber,Y,Gd,Gd
128500,1382,5,1941,660,720,2,7,OldTown,Y,TA,TA
215000,1656,6,1960,528,1080,2,7,NAmes,Y,TA,TA
239000,1767,7,1987,504,1064,2,5,StoneBr,Y,Gd,Gd
163000,1362,6,1961,504,1362,2,6,NAmes,Y,TA,TA
184000,1651,6,1986,616,1606,2,7,Timber,Y,Gd,TA
243000,2158,6,1950,576,1202,2,7,Edwards,Y,TA,TA
211000,2060,6,1988,521,1151,2,8,ClearCr,Y,Gd,Gd
172500,1920,5,1958,451,1052,2,8,Sawyer,Y,TA,Gd
501837,2234,9,2008,1166,2216,3,9,StoneBr,Y,Ex,Ex
100000,968,5,1923,480,968,2,5,OldTown,Y,TA,Gd
177000,1525,6,2000,440,756,2,5,Somerst,Y,Gd,Gd
200100,1802,7,1920,216,793,1,9,Crawfor,Y,Fa,TA
120000,1340,5,1957,252,0,1,7,Edwards,Y,None,TA
200000,2082,7,2003,484,1362,2,6,OldTown,Y,Gd,TA
127000,1252,5,1908,576,504,2,5,BrkSide,Y,Fa,TA
475000,3608,10,1892,840,1107,3,12,OldTown,Y,TA,Gd
173000,1217,7,1990,497,1188,2,6,Mitchel,Y,Gd,TA
135000,1656,5,1916,180,660,1,8,OldTown,Y,Fa,TA
153337,1224,5,1979,528,1086,2,6,SawyerW,Y,Gd,TA
286000,1593,8,2001,682,1593,2,5,StoneBr,Y,Ex,Gd
315000,2727,8,1932,440,853,2,10,Crawfor,Y,Gd,Gd
184000,1479,7,1972,484,725,2,7,NAmes,Y,TA,TA
192000,1431,7,1999,666,1431,2,6,CollgCr,Y,Gd,Gd
130000,1709,7,2004,380,970,2,7,Edwards,Y,Gd,Gd
127000,864,5,1972,352,864,1,5,CollgCr,Y,TA,TA
148500,1456,6,1976,440,855,2,7,NPkVill,Y,Gd,TA
311872,1726,7,2007,786,1726,3,8,Somerst,Y,Ex,Ex
235000,3112,8,1918,795,1360,2,8,NAmes,Y,TA,Gd
104000,2229,6,1912,0,755,0,8,OldTown,Y,TA,TA
274900,1713,8,2004,856,1713,3,7,NridgHt,Y,Ex,Gd
140000,1121,4,2003,440,1121,2,5,Edwards,Y,Gd,TA
171500,1279,6,1977,473,1196,2,6,Mitchel,Y,TA,TA
112000,1310,6,1924,398,617,1,6,OldTown,Y,Fa,TA
149000,848,6,2004,420,848,2,3,CollgCr,Y,Gd,Gd
110000,1284,5,1947,240,720,1,5,OldTown,Y,TA,TA
180500,1442,7,1990,500,1424,2,5,Gilbert,Y,Gd,TA
143900,1696,5,1962,349,1140,1,8,Sawyer,Y,TA,TA
141000,1100,4,1960,312,1100,1,6,NAmes,Y,TA,TA
277000,2062,7,1988,454,1157,2,7,SawyerW,Y,Gd,Gd
145000,1092,6,1964,504,1092,2,6,NAmes,Y,Gd,TA
98000,864,5,1925,0,864,0,5,Edwards,N,TA,TA
186000,1212,6,2009,460,1212,2,6,Edwards,Y,Gd,TA
252678,1852,7,2009,644,900,2,7,Somerst,Y,Gd,TA
156000,990,5,1995,576,990,2,5,CollgCr,Y,Gd,TA
161750,1392,6,1977,299,689,1,6,CollgCr,Y,Gd,TA
134450,1236,5,1957,447,1070,1,6,NAmes,Y,TA,TA
210000,1436,7,2004,484,1436,2,8,CollgCr,Y,Gd,Gd
107000,1328,4,1925,210,686,1,8,OldTown,N,TA,TA
311500,1954,7,1939,431,798,2,8,Crawfor,Y,TA,Gd
167240,1248,7,2005,438,1248,2,5,Blmngtn,Y,Gd,Gd
204900,1498,7,2006,675,1498,2,5,CollgCr,Y,Gd,Gd
200000,2267,6,2002,390,1010,2,8,Gilbert,Y,Gd,Gd
179900,1552,6,1975,434,713,2,6,NWAmes,Y,Gd,TA
97000,864,4,1971,576,864,2,4,NAmes,Y,TA,TA
386250,2392,10,2003,968,2392,3,8,NridgHt,Y,Ex,Ex
112000,1302,5,1971,280,630,1,6,BrDale,Y,TA,TA
290000,2520,7,1995,721,1203,3,9,NoRidge,Y,Gd,Gd
106000,987,6,1970,280,483,1,5,BrDale,Y,TA,TA
125000,912,5,1967,336,912,1,5,Sawyer,Y,TA,TA
192500,1555,7,2005,430,1373,2,7,Blmngtn,Y,Gd,Gd
148000,1194,6,1959,312,1194,1,6,NAmes,Y,TA,TA
403000,2794,8,1995,810,1462,3,9,NoRidge,Y,Gd,Gd
94500,987,6,1972,288,483,1,5,BrDale,Y,TA,TA
128200,894,5,1976,308,894,1,5,CollgCr,Y,TA,TA
216500,1960,6,2002,440,860,2,8,Gilbert,Y,Gd,Gd
89500,987,6,1971,264,483,1,5,BrDale,Y,TA,TA
185500,1414,7,2004,494,1414,2,6,CollgCr,Y,Gd,Gd
194500,1744,7,1993,457,996,2,7,SawyerW,Y,Gd,Gd
318000,1694,8,2007,818,1694,3,7,NridgHt,Y,Ex,Ex
113000,1487,6,1945,220,735,1,7,Edwards,Y,TA,TA
262500,1566,8,2008,750,1566,2,7,Somerst,Y,Gd,Gd
110500,866,5,1945,0,686,0,4,OldTown,Y,TA,TA
79000,1440,5,1900,352,540,1,6,OldTown,N,TA,TA
120000,1217,6,1980,288,626,1,6,SawyerW,Y,Gd,TA
205000,2110,7,1994,463,948,2,8,SawyerW,Y,Gd,Gd
241500,1872,7,1988,604,1845,2,6,NWAmes,Y,Gd,TA
137000,1928,6,1910,440,1020,1,9,OldTown,N,Fa,TA
140000,1375,6,1954,451,1367,2,5,NAmes,Y,TA,TA
180000,1668,7,2003,500,840,2,8,CollgCr,Y,Gd,Gd
277000,2144,6,1958,389,1444,2,7,ClearCr,Y,Gd,Gd
76500,1306,3,1940,0,728,0,6,BrkSide,Y,TA,TA
235000,1625,8,2006,538,1573,2,5,Crawfor,Y,Gd,Gd
173000,1640,6,2004,520,798,2,6,SawyerW,Y,Gd,Gd
158000,1302,6,1964,309,1302,1,7,NAmes,Y,Gd,TA
145000,1314,5,1957,294,1314,1,5,NAmes,Y,TA,TA
230000,2291,7,1999,429,975,2,8,Gilbert,Y,Gd,Gd
207500,1728,6,2003,673,864,2,7,Somerst,Y,Gd,Gd
220000,1604,7,2006,660,1604,2,8,CollgCr,Y,Gd,Gd
231500,1792,7,2001,564,963,2,7,CollgCr,Y,Gd,Gd
97000,882,5,1956,308,0,1,4,OldTown,Y,None,TA
176000,1382,6,1962,884,1362,2,6,NAmes,Y,TA,TA
276000,2574,8,2007,868,1482,3,10,CollgCr,Y,Ex,Gd
151000,1212,6,1977,492,506,2,6,Sawyer,Y,Gd,TA
130000,1316,5,1929,484,926,2,6,OldTown,Y,TA,TA
73000,764,5,1925,504,680,2,4,OldTown,N,Fa,TA
175500,1422,6,1981,576,1422,2,7,NWAmes,Y,Gd,TA
185000,1511,6,1997,413,802,2,8,Gilbert,Y,Gd,TA
179500,2192,5,1939,240,720,1,8,SWISU,Y,TA,TA
120500,778,5,1940,924,740,1,4,IDOTRR,Y,TA,TA
148000,1113,6,1976,504,1143,1,6,Edwards,Y,TA,TA
266000,1939,8,2006,1053,1095,3,8,Somerst,Y,Gd,Gd
241500,1363,7,1954,439,1385,2,5,ClearCr,Y,Gd,TA
290000,2270,8,1999,671,1152,3,9,NoRidge,Y,Gd,Gd
139000,1632,6,1958,338,1240,1,6,NAmes,Y,TA,TA
124500,816,5,1982,264,816,1,5,Mitchel,Y,TA,TA
205000,1548,7,1925,672,952,2,5,BrkSide,N,TA,Gd
201000,1560,7,2003,573,1560,2,7,Mitchel,Y,Ex,Gd
141000,864,4,1951,400,864,2,4,Gilbert,Y,TA,TA
415298,2121,9,2006,732,2121,3,8,NridgHt,Y,Ex,Ex
192000,2022,7,1977,505,1160,2,8,ClearCr,Y,Gd,TA
228500,1982,7,1989,575,807,2,7,SawyerW,Y,Gd,Gd
185000,1262,6,2006,572,1262,2,5,Somerst,Y,Gd,Gd
207500,1314,7,2007,626,1314,2,6,NridgHt,Y,Gd,Gd
244600,1468,8,2008,898,1468,3,6,Somerst,Y,Gd,Gd
179200,1575,6,1992,529,1575,2,5,SawyerW,Y,Gd,Gd
164700,1250,7,2006,528,625,2,5,Somerst,Y,Gd,Gd
159000,1734,6,1962,440,912,2,7,NAmes,Y,TA,TA
88000,858,4,1971,0,858,0,5,NAmes,Y,TA,TA
122000,900,5,1967,280,882,1,5,Sawyer,Y,TA,TA
153575,1396,6,1915,384,698,1,7,BrkSide,Y,TA,TA
233230,1919,8,2006,685,1079,2,8,CollgCr,Y,Gd,Gd
135900,1716,5,1912,0,780,0,9,SWISU,N,TA,TA
131000,1716,5,1949,281,768,1,8,Edwards,Y,TA,TA
235000,2263,7,1977,539,795,2,9,NWAmes,Y,TA,TA
167000,1644,6,1953,418,1416,2,7,NAmes,Y,TA,TA
142500,1003,6,1984,588,1003,2,6,Mitchel,Y,TA,TA
152000,1558,5,1950,282,910,1,6,IDOTRR,Y,TA,TA
239000,1950,7,1997,576,975,2,7,Somerst,Y,Gd,Gd
175000,1743,6,1968,539,702,2,7,NWAmes,Y,TA,Gd
158500,1152,6,1950,300,1092,1,6,Crawfor,Y,TA,TA
157000,1336,5,1953,375,1165,1,5,Crawfor,Y,TA,TA
267000,2452,8,1998,683,1028,2,9,CollgCr,Y,Gd,Gd
205000,1541,7,2001,843,1541,3,6,CollgCr,Y,Gd,Gd
149900,894,5,1972,552,894,2,5,CollgCr,Y,TA,TA
295000,3493,7,1880,870,1470,3,10,OldTown,Y,TA,TA
305900,2000,8,2004,888,2000,3,8,CollgCr,Y,Gd,Gd
225000,2243,7,1990,746,700,3,8,SawyerW,Y,Gd,Gd
89500,1406,6,1920,0,319,0,6,IDOTRR,Y,TA,TA
82500,861,4,1940,539,861,2,4,Edwards,Y,TA,TA
360000,1944,9,2003,708,1896,3,8,NridgHt,Y,Ex,Gd
165600,1501,6,1993,420,697,2,6,Gilbert,Y,Gd,TA
132000,972,6,1948,240,972,1,5,NAmes,Y,TA,TA
119900,1118,5,1939,410,793,2,5,OldTown,Y,Gd,TA
375000,2036,7,1965,513,2136,2,8,Timber,Y,Gd,TA
178000,1641,7,1925,546,728,2,6,OldTown,Y,TA,TA
188500,1432,7,2004,432,716,2,6,Gilbert,Y,Gd,Gd
260000,2353,7,1980,484,845,2,10,NWAmes,Y,Gd,Gd
270000,1959,8,2006,1025,1088,3,8,Somerst,Y,Gd,Gd
260000,2646,7,1993,656,1347,3,9,NoRidge,Y,Gd,Gd
187500,1472,7,1980,588,1372,2,6,NWAmes,Y,Gd,TA
342643,2596,9,2006,840,1249,3,9,NridgHt,Y,Ex,TA
354000,2468,8,2004,872,1136,3,10,NridgHt,Y,Ex,Gd
301000,2730,7,1986,576,1502,2,8,SawyerW,Y,TA,Gd
126175,1163,3,1955,220,1162,1,6,OldTown,Y,TA,TA
242000,2978,7,1967,564,710,2,11,NAmes,Y,Gd,Gd
87000,803,5,1941,360,720,2,5,IDOTRR,N,TA,TA
324000,1719,8,1993,473,1719,2,6,Veenker,Y,Gd,Gd
145250,1383,6,1960,292,1383,1,7,NAmes,Y,TA,TA
214500,2134,6,1916,441,844,2,10,BrkSide,N,TA,TA
78000,1192,5,1920,189,596,1,6,IDOTRR,N,TA,TA
119000,1728,5,1964,352,1728,1,10,NAmes,Y,TA,TA
139000,1056,5,1958,308,1056,1,6,NAmes,Y,TA,TA
284000,1629,8,2003,880,3206,3,7,NridgHt,Y,Gd,Gd
207000,1358,7,2004,484,1358,2,6,NridgHt,Y,Gd,Gd
192000,1638,6,1998,472,943,2,7,Gilbert,Y,Gd,TA
228950,1786,5,1965,529,1499,2,7,Timber,Y,TA,TA
377426,1922,9,2005,676,1922,3,8,StoneBr,Y,Ex,Gd
214000,1536,7,2002,532,1536,2,7,CollgCr,Y,Gd,Gd
202500,1621,7,1984,440,1208,2,8,NWAmes,Y,Gd,Gd
155000,1215,6,1958,297,1215,1,6,NAmes,Y,TA,TA
202900,1908,8,2002,431,967,2,9,Timber,Y,Gd,Gd
82000,841,4,1950,294,721,1,4,SawyerW,Y,TA,Fa
87500,1040,3,1949,400,0,2,6,NAmes,N,None,TA
266000,1684,9,2005,564,1684,2,6,NridgHt,Y,Ex,Ex
85000,1112,5,1976,336,536,1,4,MeadowV,Y,Gd,TA
140200,1577,6,1939,312,972,1,6,BrkSide,Y,TA,TA
151500,958,6,1960,301,958,1,5,NAmes,Y,TA,TA
157500,1478,6,1960,498,1478,2,6,NAmes,Y,TA,TA
154000,1626,7,2003,474,764,2,6,NridgHt,Y,Gd,Gd
437154,2728,9,2005,706,1848,3,10,NridgHt,Y,Ex,Ex
318061,1869,9,2007,617,1869,2,6,NridgHt,Y,Ex,Ex
190000,1453,7,1986,445,1453,2,6,ClearCr,Y,Gd,TA
95000,1111,5,1941,200,616,1,5,Edwards,N,TA,TA
105900,720,6,1928,484,624,2,5,OldTown,Y,TA,TA
140000,1595,6,1940,240,940,1,6,SWISU,Y,TA,TA
177500,1200,6,1995,521,1200,2,6,CollgCr,Y,Gd,Gd
173000,1167,6,1992,400,1158,2,6,Gilbert,Y,Gd,TA
134000,1142,5,1976,528,1142,2,6,MeadowV,Y,Gd,TA
130000,1352,5,1958,288,1062,1,6,ClearCr,Y,TA,TA
280000,1924,8,1998,592,1086,2,7,NoRidge,Y,Gd,Gd
156000,912,6,1978,470,888,2,5,Mitchel,Y,Gd,TA
145000,1505,5,1940,240,883,1,8,BrkSide,Y,TA,TA
198500,1922,7,2003,672,0,2,7,Edwards,Y,None,Gd
118000,987,6,1972,264,483,1,5,BrDale,Y,TA,TA
190000,1574,6,1976,566,796,2,6,NWAmes,Y,Gd,TA
147000,1344,5,1920,468,672,1,6,IDOTRR,Y,TA,TA
159000,1394,6,1963,514,1394,2,6,NAmes,Y,Gd,TA
165000,1431,6,1962,296,1099,1,6,NAmes,Y,Gd,TA
132000,1268,5,1954,244,1268,1,7,NAmes,Y,TA,TA
162000,1287,5,1959,576,1063,2,7,NAmes,Y,TA,TA
172400,1664,6,2000,460,953,2,7,Gilbert,Y,Gd,TA
134432,1588,4,1959,680,0,2,7,ClearCr,Y,None,TA
125000,752,6,1984,264,744,1,4,SawyerW,Y,Gd,TA
123000,1319,5,1953,270,608,1,5,NAmes,Y,TA,TA
219500,1928,7,2003,434,847,2,8,CollgCr,Y,Gd,Gd
61000,904,1,1922,0,683,0,4,Edwards,N,Fa,Fa
148000,914,5,1996,576,870,2,5,CollgCr,Y,Gd,Gd
340000,2466,8,2004,610,1580,2,8,Somerst,Y,Gd,Gd
394432,1856,9,2010,834,1856,3,8,StoneBr,Y,Ex,Gd
179000,1800,6,2000,463,982,2,7,Gilbert,Y,Gd,TA
127000,1691,5,1924,308,1026,1,6,SWISU,Y,TA,TA
187750,1301,7,2006,572,1293,2,5,Somerst,Y,Gd,Gd
213500,1797,7,2006,639,939,2,8,CollgCr,Y,Gd,Gd
76000,784,6,1928,360,784,2,5,SawyerW,N,Fa,TA
240000,1953,6,1992,501,1580,2,9,ClearCr,Y,Gd,Gd
192000,1269,8,2004,430,1256,2,6,Blmngtn,Y,Gd,Gd
81000,1184,5,1910,0,658,0,8,Edwards,Y,TA,TA
125000,1125,6,1976,352,1041,1,6,Edwards,Y,TA,TA
191000,1479,7,1999,577,1468,2,6,CollgCr,Y,Gd,Gd
426000,2332,10,2007,846,1682,3,9,NridgHt,Y,Ex,Ex
119000,1367,5,1900,384,861,1,7,Edwards,Y,TA,TA
215000,1961,6,2001,560,804,2,7,Mitchel,Y,Ex,TA
106500,882,5,1959,294,0,1,5,NAmes,Y,None,TA
100000,788,4,1941,0,788,0,4,BrkSide,Y,TA,TA
109000,1034,5,1940,240,735,1,5,OldTown,Y,TA,TA
129000,1144,5,1956,596,1144,1,6,Edwards,Y,TA,TA
123000,894,5,1972,600,894,2,6,CollgCr,Y,TA,TA
169500,1812,5,1962,264,864,1,8,NAmes,Y,TA,TA
67000,1077,5,1920,338,961,1,6,IDOTRR,Y,Fa,TA
241000,1550,7,2006,438,1092,2,7,Somerst,Y,Gd,Gd
245500,1288,8,1996,500,1260,2,4,Veenker,Y,Gd,Gd
164990,1310,7,2005,400,1310,2,6,CollgCr,Y,Gd,Gd
108000,672,5,1940,240,672,1,4,Sawyer,Y,TA,TA
258000,2263,8,1998,420,1141,2,10,NoRidge,Y,Gd,Gd
168000,1572,6,1995,373,806,2,7,Gilbert,Y,Gd,TA
150000,1620,4,1976,490,1281,2,8,Sawyer,Y,TA,TA
115000,1639,6,1936,240,1064,1,6,SWISU,Y,TA,TA
177000,1680,6,1915,308,840,1,8,Crawfor,Y,Gd,TA
280000,2172,7,2006,947,1063,3,9,NridgHt,Y,Ex,Gd
339750,2078,8,2007,836,1034,3,8,Somerst,Y,Ex,Gd
60000,1276,5,1958,350,1276,1,5,Edwards,Y,TA,TA
145000,1056,5,1955,572,1056,2,5,Gilbert,N,TA,TA
222000,1478,7,2009,484,1470,2,7,Somerst,Y,Ex,Ex
115000,1028,5,1927,360,1008,2,5,OldTown,Y,TA,TA
228000,2097,7,1993,678,1080,3,9,SawyerW,Y,Gd,Gd
181134,1340,7,2007,396,1340,2,6,Gilbert,Y,Gd,Gd
149500,1400,6,1978,440,672,2,6,Sawyer,Y,TA,TA
239000,2624,6,1918,864,1370,3,10,Crawfor,N,Gd,TA
126000,1134,5,1940,240,756,1,7,Edwards,N,TA,TA
142000,1056,5,1968,304,1056,1,6,NAmes,Y,TA,TA
206300,1344,7,1997,784,1344,4,8,Mitchel,Y,Gd,TA
215000,1602,6,1977,529,1602,2,8,NWAmes,Y,Gd,Gd
113000,988,5,1954,520,988,2,4,Mitchel,Y,TA,TA
315000,2630,8,1998,696,1470,3,8,NoRidge,Y,Gd,Gd
139000,1196,6,1956,297,1196,1,6,NAmes,Y,Gd,TA
135000,1389,7,1946,240,651,1,6,OldTown,Y,TA,TA
275000,1644,7,1989,569,1518,2,5,SawyerW,Y,Gd,Gd
109008,907,4,1957,352,907,1,5,NAmes,Y,TA,TA
195400,1208,7,2007,628,1208,2,6,CollgCr,Y,Gd,Gd
175000,1412,6,1988,576,1392,2,6,Timber,Y,Gd,TA
85400,987,6,1971,264,483,1,4,BrDale,Y,TA,TA
79900,1198,6,1920,0,901,0,7,OldTown,Y,TA,TA
122500,1365,5,1971,440,765,2,6,BrDale,Y,TA,TA
181000,1604,6,1997,470,926,2,7,Gilbert,Y,Gd,TA
81000,630,4,1972,0,630,0,3,MeadowV,Y,Gd,TA
212000,1661,7,1996,550,799,2,6,CollgCr,Y,Gd,Gd
116000,1118,6,1920,440,648,2,6,OldTown,Y,Fa,TA
119000,904,6,1926,180,884,1,4,BrkSide,Y,TA,Gd
90350,694,5,1913,352,440,1,4,Crawfor,N,TA,TA
110000,1196,6,1920,528,684,2,7,Edwards,Y,TA,TA
555000,2402,10,2008,672,3094,3,10,NridgHt,Y,Ex,Ex
118000,1440,4,1955,0,1440,0,8,Edwards,N,TA,TA
162900,1573,5,1930,360,1078,2,8,BrkSide,Y,TA,TA
172500,1258,7,2006,648,1258,3,6,Blmngtn,Y,Ex,Gd
210000,1908,7,1994,493,915,2,8,CollgCr,Y,Gd,Gd
127500,1689,6,1956,480,1436,2,7,Edwards,Y,TA,TA
190000,1888,6,1966,578,1517,2,6,NAmes,Y,TA,Gd
199900,1886,7,1998,431,930,2,10,Gilbert,Y,Gd,Gd
119500,1376,6,1937,198,780,1,7,IDOTRR,Y,TA,TA
120000,1183,3,1948,308,649,1,6,OldTown,Y,TA,TA
110000,813,6,1930,270,813,1,5,OldTown,Y,TA,TA
280000,1533,7,1975,576,1533,2,5,ClearCr,Y,Gd,TA
204000,1756,6,1996,422,872,2,7,Timber,Y,Ex,Gd
210000,1590,8,2008,676,768,2,6,Somerst,Y,Gd,Gd
188000,1728,5,1976,560,1728,2,8,Mitchel,Y,TA,TA
175500,1242,7,1973,528,1242,2,6,NWAmes,Y,TA,TA
98000,1344,5,1916,513,624,3,7,OldTown,N,TA,TA
256000,1663,4,1954,529,1364,2,6,ClearCr,Y,Gd,TA
161000,1666,8,1925,228,588,1,7,OldTown,Y,TA,TA
110000,1203,5,1950,352,709,1,5,BrkSide,Y,TA,TA
263435,1935,8,2009,552,832,2,8,Somerst,Y,Gd,Gd
155000,1135,7,1936,576,560,2,6,SWISU,Y,Gd,Gd
62383,864,5,1965,360,864,1,5,Sawyer,Y,TA,TA
188700,1660,6,1934,240,715,1,6,Crawfor,Y,TA,TA
124000,1040,5,1978,0,1040,0,5,CollgCr,Y,Gd,TA
178740,1414,7,2004,398,1375,2,6,Blmngtn,Y,Gd,Gd
167000,1277,7,1970,526,1277,2,5,NAmes,Y,TA,TA
146500,1644,5,1942,312,728,1,7,NAmes,Y,TA,TA
250000,1634,8,2006,866,1626,3,7,NridgHt,Y,Gd,Gd
187000,1710,6,1993,506,832,2,7,SawyerW,Y,Gd,Gd
212000,1502,8,1985,528,1488,2,4,StoneBr,Y,Gd,Gd
190000,1969,7,1977,534,808,2,8,NWAmes,Y,Gd,TA
148000,1072,6,2005,525,547,2,5,Edwards,Y,Gd,TA
440000,1976,8,2006,908,1976,3,7,NridgHt,Y,Ex,Gd
251000,1652,8,2000,499,1494,2,6,StoneBr,Y,Gd,Gd
132500,970,5,1963,624,970,2,5,Sawyer,Y,TA,TA
208900,1493,6,1997,508,1478,2,7,CollgCr,Y,Gd,TA
380000,2643,9,2006,694,2153,3,9,NridgHt,Y,Gd,Ex
297000,1718,8,2007,826,1705,3,7,CollgCr,Y,Ex,Gd
89471,1131,4,1937,672,907,2,7,OldTown,Y,Fa,TA
326000,1850,9,2004,772,1833,3,8,NridgHt,Y,Ex,Gd
374000,1792,9,2003,874,1792,3,6,NridgHt,Y,Ex,Gd
155000,1826,7,1915,164,910,1,7,OldTown,Y,TA,Gd
164000,1216,6,1998,402,1216,2,5,Mitchel,Y,Ex,TA
132500,999,5,1962,264,999,1,6,Sawyer,Y,TA,TA
147000,1113,5,1950,264,1113,1,5,NAmes,Y,TA,Gd
156000,1073,5,1965,515,1073,2,6,NAmes,Y,TA,TA
175000,1484,5,1971,487,1484,2,7,NWAmes,Y,Gd,TA
160000,2414,5,1900,520,954,2,10,OldTown,N,TA,TA
86000,630,4,1970,286,630,1,3,MeadowV,Y,Gd,TA
115000,1304,5,1976,336,264,1,4,MeadowV,Y,Gd,TA
133000,1578,6,1941,240,806,1,5,NAmes,Y,TA,TA
172785,1456,6,2006,429,728,2,8,Gilbert,Y,Gd,Gd
155000,1269,5,1960,308,1269,1,6,NAmes,Y,TA,TA
91300,886,5,1938,273,190,1,4,OldTown,Y,Fa,TA
34900,720,4,1920,0,720,0,4,IDOTRR,N,TA,TA
430000,3228,8,1992,546,3200,2,10,NoRidge,Y,Gd,Gd
184000,1820,7,1925,240,1026,1,8,BrkSide,Y,TA,TA
130000,899,5,1967,288,864,1,5,Sawyer,Y,TA,TA
120000,912,5,1958,297,912,1,5,NAmes,Y,TA,TA
113000,1218,6,1973,264,672,1,7,BrDale,Y,TA,TA
226700,1768,7,2005,603,866,2,7,Somerst,Y,Gd,Gd
140000,1214,5,1965,461,1214,2,6,Edwards,Y,TA,TA
289000,1801,7,1959,484,1501,2,6,Crawfor,Y,TA,TA
147000,1322,6,1974,440,855,2,6,NPkVill,Y,TA,TA
124500,1960,5,1952,400,960,2,10,OldTown,Y,TA,TA
215000,1911,8,1993,471,777,2,8,SawyerW,Y,Gd,Gd
208300,1218,6,2009,676,1218,2,4,Somerst,Y,Gd,Gd
161000,1378,7,1928,360,689,2,7,OldTown,Y,TA,TA
124500,1041,5,1959,270,1041,1,6,NAmes,Y,TA,TA
164900,1363,5,1951,288,1008,1,6,NAmes,Y,TA,Gd
202665,1368,7,2005,474,1368,2,6,NridgHt,Y,Gd,Gd
129900,864,5,1958,624,864,2,5,NAmes,Y,TA,TA
134000,1080,6,1983,484,1084,2,5,Mitchel,Y,TA,TA
96500,789,5,1926,200,768,1,5,Crawfor,N,TA,TA
402861,2020,10,2009,900,2006,3,9,NridgHt,Y,Ex,Ex
158000,2119,6,1972,583,689,2,7,NWAmes,Y,TA,TA
265000,2344,7,1996,889,1264,3,7,NoRidge,Y,Gd,Gd
211000,1796,6,1998,546,794,2,7,CollgCr,Y,Gd,TA
234000,2080,7,1926,282,1276,1,9,Crawfor,Y,Gd,Gd
106250,1294,4,1900,0,0,0,7,OldTown,N,None,TA
150000,1244,6,1957,336,1244,1,6,NAmes,Y,TA,TA
159000,1664,6,1947,420,1004,2,7,BrkSide,Y,TA,TA
315750,2398,7,1996,834,1379,3,8,NoRidge,Y,Gd,Gd
176000,1266,7,2005,453,1257,2,6,Somerst,Y,Gd,Gd
132000,928,5,1956,252,928,1,4,NAmes,Y,Gd,TA
446261,2713,9,2008,858,1452,3,11,NridgHt,Y,Ex,Ex
86000,605,4,1920,0,528,0,5,Edwards,Y,TA,TA
200624,2515,6,1957,484,2035,2,9,Crawfor,Y,TA,Gd
175000,1509,6,1988,600,1461,2,5,Timber,Y,Gd,Gd
128000,1362,6,1920,502,611,2,6,BrkSide,Y,Fa,TA
107500,827,5,1955,392,0,1,5,NAmes,Y,None,TA
39300,334,1,1946,0,0,0,2,BrkSide,N,None,Fa
178000,1414,8,2004,403,707,2,6,Gilbert,Y,Ex,Gd
107500,1347,5,1910,0,1117,0,5,Edwards,Y,Gd,TA
188000,1724,7,1998,527,880,2,8,CollgCr,Y,Gd,TA
111250,864,4,1972,576,864,2,5,NAmes,Y,TA,TA
158000,1159,5,1968,336,1051,1,7,Sawyer,Y,TA,TA
272000,1601,8,2001,670,1581,2,6,CollgCr,Y,Gd,Gd
315000,1838,9,2006,765,1838,3,8,Timber,Y,Ex,Ex
248000,2285,8,2000,648,969,3,8,NoRidge,Y,Gd,Gd
213250,1680,7,1998,583,1650,2,7,NWAmes,Y,Ex,Gd
133000,767,7,1998,367,723,1,4,NAmes,Y,Gd,TA
179665,1496,7,2006,426,654,2,7,Gilbert,Y,Gd,Gd
229000,2183,7,1988,786,1204,3,9,NWAmes,Y,Gd,Gd
210000,1635,6,1923,440,1065,2,6,BrkSide,Y,Gd,TA
129500,768,5,1970,624,768,2,5,Mitchel,Y,Gd,TA
125000,825,5,1955,720,825,2,4,OldTown,Y,TA,TA
263000,2094,7,2003,615,912,2,8,Somerst,Y,Gd,Gd
140000,1069,6,1977,440,1069,2,4,NPkVill,Y,Gd,TA
112500,928,5,1957,288,928,1,5,OldTown,Y,TA,TA
255500,1717,8,2006,908,1709,3,7,NridgHt,Y,Ex,Gd
108000,1126,4,1949,520,0,2,5,Edwards,Y,None,TA
284000,2046,7,2003,871,998,3,8,NridgHt,Y,Gd,Gd
113000,1048,5,1922,280,993,1,5,BrkSide,Y,TA,TA
141000,1092,5,1957,299,1092,1,6,NAmes,Y,TA,TA
108000,1336,4,1920,570,637,1,7,IDOTRR,Y,TA,TA
175000,1446,7,1996,406,729,2,6,Gilbert,Y,Gd,TA
234000,1557,7,2003,420,1374,2,7,Blmngtn,Y,Gd,Gd
121500,1392,5,1957,528,1392,2,5,Sawyer,Y,Gd,TA
170000,1389,5,1974,418,1389,2,6,Mitchel,Y,Gd,TA
108000,996,5,1940,0,996,0,6,Edwards,Y,TA,TA
185000,1674,6,1918,396,1163,2,8,Edwards,Y,Gd,TA
268000,2295,7,1992,590,1095,2,9,NoRidge,Y,Gd,Gd
128000,1647,6,1915,216,806,1,6,SWISU,N,Gd,TA
325000,2504,9,2005,656,1122,3,11,StoneBr,Y,Gd,Gd
214000,1535,7,2004,532,1517,2,7,NridgHt,Y,Gd,Gd
316600,2132,8,1983,612,1496,2,5,SawyerW,Y,Gd,Gd
135960,943,5,1979,600,943,2,4,NAmes,Y,Gd,TA
142600,1728,5,1965,576,1728,2,10,NAmes,Y,TA,TA
120000,864,6,1959,288,864,1,4,NAmes,Y,TA,TA
224500,1692,7,2009,650,846,2,6,Timber,Y,Ex,TA
170000,1430,7,2000,400,384,2,8,Gilbert,Y,Gd,TA
139000,1109,5,1971,288,372,1,5,NAmes,Y,TA,TA
118500,1216,5,1947,336,832,1,6,NAmes,Y,TA,TA
145000,1477,7,1928,216,861,1,6,SWISU,Y,TA,TA
164500,1320,5,1966,564,1164,2,6,Sawyer,Y,TA,TA
146000,1392,7,2007,540,689,2,5,Somerst,Y,Gd,Gd
131500,1795,5,1954,352,1050,1,7,OldTown,N,TA,TA
181900,1429,6,1960,572,1144,2,7,NAmes,Y,TA,TA
253293,2042,8,2008,1390,2042,3,8,NridgHt,Y,Ex,Ex
118500,816,6,1990,0,816,0,5,Edwards,Y,Gd,TA
325000,2775,10,1893,880,1237,2,9,OldTown,Y,TA,Ex
133000,1573,4,1935,240,884,1,6,BrkSide,Y,TA,TA
369900,2028,8,2005,880,1868,3,7,Timber,Y,Ex,Gd
130000,838,6,1918,275,816,1,5,BrkSide,Y,TA,TA
137000,860,5,1982,528,840,2,4,Sawyer,Y,TA,TA
143000,1473,5,1968,452,1437,1,5,ClearCr,Y,TA,TA
79500,935,5,1930,308,742,1,4,BrkSide,Y,TA,TA
185900,1582,7,2004,520,770,2,6,CollgCr,Y,Gd,Gd
451950,2296,10,2008,842,1722,3,10,NridgHt,Y,Ex,Ex
138000,816,5,1982,816,816,2,4,Mitchel,Y,TA,TA
140000,848,6,2003,420,848,2,4,CollgCr,Y,Gd,Gd
110000,924,5,1975,280,924,1,5,CollgCr,Y,Gd,TA
319000,1826,8,2005,758,1814,3,7,StoneBr,Y,Gd,Gd
114504,1368,6,1910,216,684,1,7,OldTown,N,TA,TA
194201,1402,7,2006,648,1258,3,7,Blmngtn,Y,Ex,Gd
217500,1647,5,1977,621,1430,2,7,Crawfor,Y,Gd,TA
151000,1556,6,1980,452,716,2,6,Blueste,Y,Gd,TA
275000,1904,8,2005,736,1058,2,8,NridgHt,Y,Gd,Gd
141000,1375,6,1937,544,780,1,6,IDOTRR,Y,TA,TA
220000,1915,8,1992,506,908,2,8,SawyerW,Y,Gd,Gd
151000,1200,7,2004,480,600,2,4,Somerst,Y,Gd,Gd
221000,1494,7,2002,530,1494,2,6,CollgCr,Y,Gd,Gd
205000,1986,7,1965,486,768,2,7,NAmes,Y,TA,TA
152000,1040,5,1996,576,1040,2,6,CollgCr,Y,Gd,TA
225000,2008,5,1948,230,896,1,8,Edwards,Y,TA,TA
359100,3194,8,1934,380,965,2,10,Crawfor,Y,Gd,TA
118500,1029,4,1961,261,1029,1,5,Sawyer,Y,TA,TA
313000,2153,9,2000,736,1440,3,8,CollgCr,Y,Ex,Gd
148000,1032,6,1978,564,1032,2,6,NWAmes,Y,Gd,TA
261500,1872,8,2001,531,1299,2,7,CollgCr,Y,Gd,Gd
147000,1120,5,2007,0,1120,0,6,Mitchel,Y,Gd,TA
75500,630,4,1972,0,630,0,3,MeadowV,Y,Gd,TA
137500,1054,6,1963,480,936,2,6,NAmes,Y,TA,TA
183200,1509,6,2002,393,783,2,7,Gilbert,Y,Gd,Gd
105500,832,6,1954,528,832,2,4,NAmes,Y,TA,TA
314813,1828,9,2007,774,1822,3,9,NridgHt,Y,Ex,Ex
305000,2262,8,2003,749,1482,3,10,Timber,Y,Gd,Gd
67000,864,3,1914,0,864,0,5,Edwards,N,TA,TA
240000,2614,6,1974,624,1522,2,9,NWAmes,Y,TA,TA
135000,980,5,1977,484,980,2,6,Sawyer,Y,TA,TA
168500,1512,6,2000,440,756,2,4,Somerst,Y,Gd,Gd
165150,1790,6,1972,484,732,2,8,NWAmes,Y,TA,TA
160000,1116,6,1962,440,1116,2,5,NAmes,Y,TA,TA
139900,1422,5,1960,286,978,1,6,NAmes,Y,TA,TA
153000,1520,6,1955,364,1156,1,7,NAmes,Y,TA,TA
135000,2080,5,1969,504,1040,2,9,NAmes,Y,Gd,TA
168500,1350,6,1964,520,1248,2,6,NAmes,Y,TA,TA
124000,1750,5,1880,240,636,1,8,OldTown,Y,Fa,TA
209500,1554,8,2006,627,1554,2,6,NridgHt,Y,Gd,Gd
82500,1411,7,1977,544,1386,2,6,NWAmes,Y,TA,TA
139400,1056,5,1954,260,1056,1,6,NAmes,Y,TA,TA
144000,1056,6,1980,576,1056,2,4,OldTown,Y,TA,TA
200000,3395,6,1914,0,1440,0,14,SWISU,Y,TA,Fa
60000,800,2,1936,0,264,0,4,BrkSide,N,TA,Fa
93000,1387,5,1954,256,811,1,7,OldTown,Y,TA,TA
85000,796,5,1910,0,796,0,4,Edwards,Y,Fa,TA
264561,1567,8,2006,648,1520,3,7,Blmngtn,Y,Gd,Gd
274000,1518,8,2003,588,1518,2,6,NridgHt,Y,Ex,Ex
226000,1929,7,2001,650,1057,2,7,Somerst,Y,Gd,Gd
345000,2704,8,1972,538,1952,2,9,NAmes,Y,Gd,Gd
152000,1620,5,1969,462,780,2,7,NWAmes,Y,TA,TA
370878,1766,9,2009,478,1766,3,7,Somerst,Y,Ex,Ex
143250,981,6,1971,576,981,2,5,NAmes,Y,TA,TA
98300,1048,5,1950,420,0,2,7,NAmes,Y,None,TA
155000,1094,6,1953,495,1094,2,5,Edwards,Y,TA,TA
155000,1839,6,1966,442,756,2,7,NAmes,Y,TA,TA
84500,630,4,1970,0,630,0,3,MeadowV,Y,Gd,TA
205950,1665,7,2007,562,813,2,7,Somerst,Y,Gd,Gd
108000,1510,4,1940,296,755,1,7,Edwards,Y,TA,TA
191000,1716,7,1996,512,880,2,7,CollgCr,Y,Gd,Gd
135000,1469,6,1906,216,756,1,7,IDOTRR,Y,TA,TA
350000,2113,8,1995,839,2109,3,7,NoRidge,Y,Gd,Gd
88000,1092,6,1971,264,525,1,6,BrDale,Y,TA,TA
145500,1053,5,1959,312,1053,1,5,NAmes,Y,TA,Gd
149000,1502,7,1931,270,776,1,6,Crawfor,Y,Gd,TA
97500,1458,6,1948,330,912,1,6,NAmes,Y,TA,TA
167000,1486,5,1964,480,1486,2,7,Edwards,Y,TA,TA
197900,1935,7,1976,550,793,2,7,NWAmes,Y,Gd,TA
402000,2448,8,1994,711,1629,3,8,NoRidge,Y,Gd,Gd
110000,1392,6,1968,576,1392,2,5,NAmes,Y,Fa,TA
137500,1181,4,1972,588,1138,2,6,Edwards,Y,Gd,TA
423000,2097,8,2005,1134,2077,3,8,Somerst,Y,Ex,Gd
230500,1936,8,2000,504,1406,2,7,Gilbert,Y,Gd,Gd
129000,2380,6,1965,596,1021,2,7,NAmes,Y,Gd,TA
193500,1679,6,1994,575,1408,2,7,SawyerW,Y,Gd,TA
168000,1437,5,1956,576,1188,2,6,Sawyer,Y,TA,TA
137500,1180,4,1922,252,700,1,5,Crawfor,Y,Fa,TA
173500,1476,6,2005,540,738,2,7,CollgCr,Y,Gd,Gd
103600,1369,6,1925,300,672,1,6,Edwards,N,TA,TA
165000,1208,6,1977,546,1208,2,6,Veenker,Y,Gd,Gd
257500,1839,6,1957,416,1477,2,7,Crawfor,Y,TA,TA
140000,1136,6,1965,384,1136,1,5,NAmes,Y,TA,TA
148500,1441,6,1978,440,855,2,7,NPkVill,Y,TA,TA
87000,1774,4,1900,779,1095,3,8,OldTown,N,TA,TA
109500,792,5,1924,240,768,1,5,OldTown,Y,TA,Gd
372500,2046,8,2008,834,2046,3,7,StoneBr,Y,Ex,Gd
128500,988,5,1961,572,988,2,5,Sawyer,Y,TA,TA
143000,923,6,1980,264,923,1,5,SawyerW,Y,Gd,TA
159434,1520,5,1932,281,793,1,6,SWISU,Y,TA,TA
173000,1291,6,1996,431,1291,2,6,ClearCr,Y,Gd,TA
285000,1668,9,2002,702,1626,3,7,CollgCr,Y,Gd,Gd
221000,1839,7,1998,486,1195,2,7,NoRidge,Y,Gd,Gd
207500,2090,7,1984,577,1190,2,6,StoneBr,Y,Gd,Gd
227875,1761,7,2007,578,874,2,7,Somerst,Y,Gd,Gd
148800,1102,7,2004,480,551,2,4,Somerst,Y,Gd,Gd
392000,1419,8,2007,567,1419,2,7,StoneBr,Y,Gd,Gd
194700,1362,6,2005,460,1362,2,6,NridgHt,Y,Gd,Gd
141000,848,6,2004,420,848,2,3,CollgCr,Y,Gd,Gd
755000,4316,10,1994,832,2444,3,10,NoRidge,Y,Ex,Ex
335000,2519,7,1989,628,1210,2,9,Timber,Y,Gd,Gd
108480,1073,5,1921,326,1073,1,4,OldTown,Y,TA,TA
141500,1539,5,1936,576,927,2,5,BrkSide,Y,TA,TA
176000,1137,6,1987,551,1112,2,5,Timber,Y,Gd,TA
89000,616,5,1921,205,616,1,4,BrkSide,Y,TA,TA
123500,1148,5,1952,308,980,1,6,Edwards,Y,Ex,TA
138500,894,5,1965,336,894,1,5,Sawyer,Y,TA,TA
196000,1391,7,2004,530,1391,2,5,Somerst,Y,Gd,Gd
312500,1800,8,2002,765,1800,3,7,Timber,Y,Ex,Gd
140000,1164,7,1969,528,1164,2,6,NWAmes,Y,TA,TA
361919,2576,8,2006,666,1234,3,10,StoneBr,Y,Ex,Ex
140000,1812,5,1900,672,360,2,8,OldTown,Y,Gd,TA
213000,1484,7,2004,606,1473,2,7,CollgCr,Y,Gd,Gd
55000,1092,4,1930,0,0,0,7,IDOTRR,N,None,Fa
302000,1824,7,1971,739,1643,2,5,ClearCr,Y,Gd,TA
254000,1324,8,2006,550,1324,2,6,NridgHt,Y,Gd,Gd
179540,1456,7,2007,400,728,2,8,Gilbert,Y,Gd,Gd
109900,904,5,1966,408,876,1,6,Sawyer,Y,TA,TA
52000,729,3,1935,0,270,0,5,BrkSide,Y,TA,Gd
102776,1178,4,1900,384,859,1,7,IDOTRR,Y,TA,TA
189000,1228,8,1988,472,1228,2,5,StoneBr,Y,Gd,Gd
129000,960,4,1970,576,960,2,6,BrkSide,N,TA,TA
130500,1479,6,1976,475,725,2,6,Sawyer,Y,TA,Gd
165000,1350,6,1974,478,1064,2,7,NWAmes,Y,Gd,TA
159500,2554,7,1890,704,718,2,8,OldTown,Y,TA,TA
157000,1178,5,1973,439,1176,2,5,NWAmes,Y,Gd,TA
341000,2418,7,1993,983,1311,3,9,NoRidge,Y,Gd,Gd
128500,971,5,1969,300,971,1,5,CollgCr,Y,Gd,TA
275000,1742,8,1985,564,1742,2,5,StoneBr,Y,Gd,Gd
143000,848,6,2004,420,848,2,3,CollgCr,Y,Gd,Gd
124500,864,4,1970,463,864,2,5,NAmes,Y,TA,TA
135000,1470,4,1954,548,941,1,7,Edwards,Y,TA,TA
320000,1698,9,2007,768,1698,3,8,Edwards,Y,Ex,Ex
120500,864,4,1970,660,864,2,5,NAmes,Y,TA,TA
222000,1680,6,1988,540,880,2,5,Crawfor,Y,Gd,Gd
194500,1232,7,2007,632,1232,2,6,CollgCr,Y,Gd,Gd
110000,1776,5,1958,888,1584,3,9,NAmes,Y,TA,TA
103000,1208,4,1925,539,780,2,5,IDOTRR,Y,TA,TA
236500,1616,8,1995,608,1595,2,5,StoneBr,Y,Gd,Gd
187500,1146,7,2003,438,868,2,6,Timber,Y,Ex,Gd
222500,2031,7,1998,541,1153,2,8,CollgCr,Y,Gd,Gd
131400,1144,5,1961,264,864,1,6,Sawyer,Y,TA,TA
108000,948,5,1968,300,948,1,6,Sawyer,Y,TA,TA
163000,1768,7,1914,320,880,2,6,OldTown,N,Gd,TA
93500,1040,3,1950,400,0,2,6,NAmes,N,None,TA
239900,1801,8,2005,800,893,3,8,Gilbert,Y,Gd,Gd
179000,1200,5,1987,0,1200,0,5,Edwards,Y,Gd,TA
190000,1728,7,2004,572,864,2,7,CollgCr,Y,Gd,Gd
132000,1432,5,1910,360,264,2,7,OldTown,Y,Fa,TA
142000,912,6,1961,288,912,1,5,Sawyer,Y,TA,TA
179000,1349,7,2000,539,1349,2,6,SawyerW,Y,Gd,TA
175000,1464,5,1963,480,520,2,6,Sawyer,Y,Gd,TA
180000,1337,8,1993,462,1337,2,5,StoneBr,Y,Gd,Gd
299800,2715,8,1976,831,1142,2,11,NWAmes,Y,TA,Ex
236000,2256,7,2000,554,952,2,8,Gilbert,Y,Gd,Gd
265979,2640,7,1880,864,1240,4,8,OldTown,N,TA,Gd
260400,1720,7,1996,527,1720,2,7,NoRidge,Y,Gd,Gd
98000,1529,4,1945,240,0,1,9,Edwards,N,None,TA
96500,1140,4,1910,0,576,0,7,OldTown,Y,TA,TA
162000,1320,7,2003,400,660,2,6,Gilbert,Y,Gd,Gd
217000,1494,6,1997,576,1479,2,6,CollgCr,Y,Gd,TA
275500,2098,8,2005,878,1030,3,8,NridgHt,Y,Gd,Gd
156000,1026,6,1969,440,1026,2,5,NAmes,Y,TA,TA
172500,1471,6,1999,440,729,2,6,Somerst,Y,Gd,TA
212000,1768,8,2007,578,866,2,7,CollgCr,Y,Gd,Gd
158900,1386,6,1978,440,672,2,6,Sawyer,Y,TA,TA
179400,1501,7,1999,440,744,2,6,Somerst,Y,Gd,TA
290000,2531,8,1995,752,1318,3,9,NoRidge,Y,Gd,Gd
127500,864,6,1959,300,864,1,5,NAmes,Y,TA,TA
100000,1301,5,1924,440,1145,2,5,BrkSide,Y,TA,TA
215200,1547,7,2009,614,756,2,7,Somerst,Y,Gd,TA
337000,2365,8,1999,856,1252,3,8,NoRidge,Y,Gd,Gd
270000,1494,8,1995,481,1494,2,6,Veenker,Y,Gd,Gd
264132,1506,9,2008,592,1498,2,6,Somerst,Y,Gd,Gd
196500,1714,7,1988,496,980,2,7,NWAmes,Y,Gd,TA
160000,1750,6,1940,423,983,1,7,Mitchel,Y,Gd,TA
216837,1836,7,2004,484,1860,2,8,CollgCr,Y,Gd,Gd
538000,3279,8,2003,841,1650,3,12,StoneBr,Y,Gd,Ex
134900,858,5,1982,576,858,2,5,Sawyer,Y,Gd,TA
102000,1220,4,1951,396,836,2,6,Edwards,Y,Fa,TA
107000,1117,6,1976,672,1029,2,6,Edwards,Y,TA,TA
114500,912,5,1958,275,912,1,5,NAmes,Y,TA,TA
395000,1973,8,2006,895,1935,3,9,NridgHt,Y,Gd,Gd
162000,1204,6,1998,412,1204,2,5,Mitchel,Y,Ex,TA
221500,1614,7,2005,865,1614,3,7,CollgCr,Y,Gd,Gd
142500,894,5,1974,440,864,2,5,Sawyer,Y,TA,TA
144000,2020,5,1977,630,0,2,10,SawyerW,Y,None,TA
135000,1004,6,1977,504,975,2,4,Mitchel,Y,Gd,TA
176000,1253,7,1995,402,1237,2,6,Gilbert,Y,Gd,TA
175900,1603,6,1992,484,761,2,7,SawyerW,Y,Gd,Gd
187100,1430,7,2001,605,1413,2,6,CollgCr,Y,Gd,Gd
165500,1110,5,1978,602,1097,2,4,Mitchel,Y,Gd,TA
128000,1484,6,1914,0,742,0,9,OldTown,Y,TA,TA
161500,1342,6,1967,457,1372,2,7,NWAmes,Y,TA,TA
139000,1652,5,1915,416,686,1,7,OldTown,Y,Fa,TA
233000,2084,7,2004,618,956,2,8,SawyerW,Y,Gd,Gd
107900,901,4,1954,281,901,1,4,OldTown,Y,TA,TA
187500,2087,6,1966,444,832,2,9,ClearCr,Y,TA,TA
160200,1145,7,2005,397,1145,2,5,Blmngtn,Y,Gd,Gd
146800,1062,6,1976,539,1029,2,5,Mitchel,Y,Gd,TA
269790,2013,7,1996,455,1117,2,8,NoRidge,Y,Gd,Gd
225000,1496,8,2007,474,1496,2,7,Somerst,Y,Gd,Gd
194500,1895,7,1994,409,712,2,7,Gilbert,Y,Gd,Gd
171000,1564,6,1980,476,650,2,7,SawyerW,Y,Gd,TA
143500,1285,6,1977,528,660,2,7,Sawyer,Y,TA,TA
110000,773,5,1953,240,773,1,4,NAmes,Y,TA,TA
485000,3140,9,2008,820,1926,3,11,NridgHt,Y,Ex,Ex
175000,1768,5,1937,240,731,1,7,SWISU,Y,Gd,TA
200000,1688,6,1997,603,616,2,8,ClearCr,Y,Gd,TA
109900,1196,4,1916,440,1196,2,5,IDOTRR,Y,TA,TA
189000,1456,7,2005,410,728,2,7,CollgCr,Y,Gd,Gd
582933,2822,9,2008,1020,1734,3,12,NridgHt,Y,Ex,Ex
118000,1128,5,1954,286,936,1,5,NAmes,Y,TA,TA
227680,1428,7,2008,554,1417,2,6,Somerst,Y,Gd,Gd
135500,980,5,1967,384,980,1,6,NAmes,Y,TA,TA
223500,1576,5,1923,528,1324,2,6,BrkSide,Y,TA,TA
159950,1086,5,1966,484,1024,2,6,NAmes,Y,TA,TA
106000,2138,5,1898,360,849,2,11,OldTown,N,TA,TA
181000,1309,6,1974,484,1040,2,5,NWAmes,Y,TA,TA
144500,848,6,2004,420,848,2,4,CollgCr,Y,Gd,Gd
55993,1044,5,1952,504,540,2,4,IDOTRR,N,TA,Fa
157900,1442,6,1958,301,1442,1,7,NAmes,Y,TA,TA
116000,1250,5,1918,280,686,1,7,Edwards,Y,TA,TA
224900,1661,7,1998,598,1649,2,6,CollgCr,Y,Gd,TA
137000,1008,5,1954,275,1008,1,4,NAmes,Y,TA,TA
271000,1689,8,2002,857,1568,3,7,Mitchel,Y,Gd,Gd
155000,1052,6,1971,440,1010,2,6,ClearCr,Y,TA,TA
224000,1358,7,2009,484,1358,2,6,NridgHt,Y,Gd,Gd
183000,1640,7,2003,595,798,2,6,CollgCr,Y,Gd,Gd
93000,936,4,1953,576,936,2,4,OldTown,N,Fa,Fa
225000,1733,7,2003,433,847,2,7,Gilbert,Y,Gd,Gd
139500,1489,6,1940,240,778,1,7,SWISU,Y,TA,TA
232600,1489,8,2006,776,1489,2,7,Somerst,Y,Gd,Gd
385000,2084,10,2007,1220,2078,3,7,NridgHt,Y,Ex,Ex
109500,784,5,1924,0,784,0,5,BrkSide,Y,TA,TA
189000,1434,7,2001,527,1454,2,6,SawyerW,Y,Gd,Gd
185000,2126,5,1967,538,1013,2,7,ClearCr,Y,TA,TA
147400,1223,7,2005,480,600,2,4,Somerst,Y,Gd,Gd
166000,1392,6,1957,458,1392,2,6,NAmes,Y,TA,TA
151000,1200,7,2005,480,600,2,4,Somerst,Y,Gd,TA
237000,1829,7,2003,613,941,2,7,CollgCr,Y,Gd,Gd
167000,1516,6,1964,472,1516,2,6,NAmes,Y,TA,TA
139950,1144,5,1961,456,1144,2,6,NAmes,Y,TA,TA
128000,1067,4,1950,436,1067,2,4,Sawyer,Y,Gd,TA
153500,1559,5,1948,812,1559,2,5,OldTown,Y,TA,TA
100000,987,6,1973,264,483,1,5,BrDale,Y,TA,TA
144000,1099,5,1995,352,1099,1,6,CollgCr,Y,Gd,TA
130500,1200,5,1946,240,768,1,6,Edwards,Y,TA,TA
140000,1482,6,1925,400,672,1,7,SWISU,N,TA,TA
157500,1539,5,1904,686,650,2,8,OldTown,Y,TA,TA
174900,1165,6,1966,490,1127,2,6,NAmes,Y,TA,TA
141000,1800,5,1961,0,1800,0,10,NAmes,N,TA,TA
153900,1416,5,1915,720,876,3,7,OldTown,Y,TA,TA
171000,1701,5,1975,611,1390,2,6,Sawyer,Y,Gd,TA
213000,1775,7,1993,425,740,2,7,SawyerW,Y,Gd,Gd
133500,864,5,1972,338,864,1,5,CollgCr,Y,TA,TA
240000,2358,6,1908,360,907,2,10,ClearCr,Y,TA,TA
187000,1855,6,1976,512,528,2,7,Veenker,Y,TA,Gd
131500,848,6,2003,420,848,2,3,CollgCr,Y,Gd,Gd
215000,1456,8,2003,400,1273,2,7,Blmngtn,Y,Gd,Gd
164000,1646,7,1941,240,918,1,7,Crawfor,Y,TA,TA
158000,1445,6,1964,645,1127,2,7,NAmes,Y,TA,TA
170000,1779,5,1955,454,1763,2,6,Sawyer,Y,TA,TA
127000,1040,5,1962,260,1040,1,6,Sawyer,Y,TA,TA
147000,1026,6,1978,576,940,2,5,CollgCr,Y,Gd,TA
174000,1481,6,1994,343,702,2,6,Gilbert,Y,Gd,TA
152000,1370,7,1976,479,1090,2,6,NWAmes,Y,Gd,TA
250000,2654,6,1968,619,1054,2,9,NWAmes,Y,TA,TA
189950,1426,7,1918,216,912,1,7,Crawfor,Y,TA,Gd
131500,1039,5,1965,504,1039,2,6,Sawyer,Y,TA,TA
152000,1097,6,1984,480,1040,2,6,SawyerW,Y,Gd,TA
132500,1148,5,1959,672,1148,1,6,NAmes,Y,TA,TA
250580,1372,7,2007,529,1372,2,6,Somerst,Y,Ex,Gd
148500,1002,5,1970,902,1002,2,5,NAmes,Y,TA,TA
248900,1646,8,2006,870,1638,3,6,Timber,Y,Gd,Gd
129000,1120,4,1961,544,1040,2,5,Sawyer,Y,TA,TA
169000,2320,5,1948,672,0,2,7,Gilbert,Y,None,TA
236000,1949,7,1993,574,1050,2,8,SawyerW,Y,Gd,Gd
109500,894,5,1962,308,894,1,5,NAmes,N,TA,TA
200500,1682,6,1998,523,804,2,7,CollgCr,Y,Gd,TA
116000,910,5,1953,414,105,2,5,NAmes,Y,TA,Gd
133000,1268,5,1949,288,832,1,6,NAmes,Y,TA,Gd
66500,1131,5,1941,200,676,1,5,OldTown,Y,TA,TA
303477,2610,8,2007,550,1184,2,11,Somerst,Y,Gd,Gd
132250,1040,4,1963,648,1064,2,5,Mitchel,Y,TA,TA
350000,2224,9,2004,738,1462,3,10,NridgHt,Y,Ex,Gd
148000,1155,5,1961,576,1109,2,6,Sawyer,Y,TA,TA
136500,864,5,1978,336,864,1,6,CollgCr,Y,TA,Gd
157000,1090,5,2005,450,1090,2,5,Edwards,Y,Ex,TA
187500,1717,7,1990,400,1156,2,7,Timber,Y,Gd,Gd
178000,1593,6,1992,389,808,2,7,Gilbert,Y,Gd,TA
118500,2230,4,1912,440,795,1,10,SWISU,N,TA,Gd
100000,892,5,1967,288,892,1,5,NAmes,Y,TA,TA
328900,1709,9,1999,506,1698,2,5,Somerst,Y,Ex,Gd
145000,1712,5,1959,588,1626,2,8,NAmes,Y,TA,TA
135500,1393,5,1955,300,816,1,8,Edwards,Y,TA,TA
268000,2217,8,1970,621,2217,2,8,NAmes,Y,TA,Gd
149500,1505,6,1953,505,1505,2,6,NAmes,Y,TA,TA
122900,924,5,1949,576,672,2,6,NAmes,Y,TA,TA
172500,1683,6,1978,440,918,2,7,Sawyer,Y,TA,TA
154500,1068,6,1963,264,1059,1,6,Sawyer,Y,TA,TA
165000,1383,5,1954,354,1383,1,6,Sawyer,Y,Gd,TA
118858,1535,5,1979,400,0,2,8,SawyerW,Y,None,TA
140000,1796,6,1963,483,780,2,8,NAmes,Y,TA,TA
106500,951,4,1936,327,951,1,6,IDOTRR,N,TA,TA
142953,2240,5,1979,528,0,2,12,SawyerW,Y,None,TA
611657,2364,9,2009,820,2330,3,11,NridgHt,Y,Ex,Ex
135000,1236,5,1961,288,912,1,6,Sawyer,Y,TA,TA
110000,858,4,1971,684,858,1,4,NAmes,Y,TA,TA
153000,1306,5,1957,756,992,1,5,NAmes,Y,TA,TA
180000,1509,7,2003,393,783,2,8,Gilbert,Y,Gd,Gd
240000,1670,7,2006,690,1670,3,7,Gilbert,Y,Gd,Gd
125500,902,5,1967,288,876,1,6,Sawyer,Y,TA,TA
128000,1063,5,1954,280,1056,1,6,NAmes,Y,TA,TA
255000,1636,8,2006,865,1623,3,8,Somerst,Y,Gd,Gd
250000,2057,7,1936,180,1017,1,6,Crawfor,Y,Gd,Gd
131000,902,5,1983,484,864,2,5,Mitchel,Y,Gd,TA
174000,1484,6,2005,390,742,2,8,Gilbert,Y,Gd,Gd
154300,2274,5,1960,480,1105,2,12,NAmes,Y,TA,TA
143500,1268,5,1977,252,1268,1,5,CollgCr,Y,Gd,TA
88000,1015,5,1925,450,768,1,6,BrkSide,N,TA,TA
145000,2002,5,1949,871,1001,3,8,Crawfor,N,TA,TA
173733,1224,6,2009,528,612,2,4,Somerst,Y,Gd,Gd
75000,1092,4,1970,286,546,1,6,MeadowV,Y,TA,TA
35311,480,2,1949,308,480,1,4,IDOTRR,N,TA,TA
135000,1229,4,1956,284,1134,1,6,Edwards,Y,TA,TA
238000,2127,7,1991,833,1104,3,8,SawyerW,Y,Ex,Gd
176500,1414,6,1958,601,1184,2,6,NAmes,Y,Gd,Ex
201000,1721,6,1994,471,928,2,7,SawyerW,Y,Gd,Gd
145900,2200,5,1900,0,1272,0,9,Edwards,Y,TA,TA
169990,1316,6,2005,397,1316,2,6,Gilbert,Y,Gd,Gd
193000,1617,6,1993,533,1604,2,5,SawyerW,Y,Gd,Gd
207500,1686,6,1980,612,1686,2,7,NWAmes,Y,Gd,TA
175000,1126,5,1977,540,1126,2,6,NWAmes,Y,Gd,TA
285000,2374,8,2003,656,1181,3,10,NridgHt,Y,Gd,Gd
176000,1978,7,1968,486,832,2,9,NWAmes,Y,TA,TA
236500,1788,8,2001,522,1753,2,7,CollgCr,Y,Gd,Gd
222000,2236,7,1997,642,964,2,8,Gilbert,Y,Gd,TA
201000,1466,8,2007,610,1466,3,7,Timber,Y,Gd,Gd
117500,925,5,1965,429,925,1,5,NAmes,Y,TA,TA
320000,1905,9,2006,788,1905,3,8,Somerst,Y,Ex,Ex
190000,1500,7,2004,570,1500,2,6,CollgCr,Y,Gd,Gd
242000,2069,7,1960,505,585,2,9,NAmes,Y,Gd,TA
79900,747,4,1926,528,600,2,5,BrkSide,Y,Fa,TA
184900,1200,7,2003,555,1176,2,5,SawyerW,Y,Gd,Gd
253000,1971,7,2005,689,1113,2,8,Somerst,Y,Gd,Gd
239799,1962,7,2006,868,1391,3,7,CollgCr,Y,Gd,Gd
244400,2403,7,1940,349,1032,1,10,ClearCr,Y,TA,TA
150900,1728,6,1976,574,1728,2,8,Mitchel,Y,TA,TA
214000,2060,7,1999,390,992,2,8,Gilbert,Y,Gd,Gd
150000,1440,4,1977,0,1440,0,8,Edwards,Y,Gd,TA
143000,1632,5,1967,576,1632,2,8,Mitchel,Y,TA,TA
137500,1344,6,1958,525,819,2,7,Timber,Y,TA,TA
124900,1869,5,1890,456,1088,2,7,OldTown,Y,TA,TA
143000,1144,5,1959,796,1144,1,6,NAmes,Y,TA,TA
270000,1629,8,2002,808,1616,3,9,Timber,Y,Gd,Gd
192500,1776,7,2002,474,936,2,7,CollgCr,Y,Gd,Gd
197500,1381,6,1972,676,1161,2,5,NWAmes,Y,TA,TA
129000,864,5,1950,720,864,2,5,NAmes,Y,TA,TA
119900,965,5,1965,300,828,1,6,SawyerW,Y,TA,TA
133900,768,5,1972,396,768,1,5,CollgCr,Y,Gd,TA
172000,1968,5,1969,530,784,2,7,Mitchel,Y,TA,TA
127500,980,6,1975,0,945,0,4,Edwards,Y,Gd,TA
145000,1958,6,1946,492,979,2,8,Crawfor,N,Gd,TA
124000,1229,6,1980,462,561,2,5,Blueste,Y,Gd,TA
132000,1057,5,1962,576,1057,2,6,Sawyer,Y,TA,TA
185000,1337,7,2003,531,1337,2,6,CollgCr,Y,Gd,Gd
155000,1416,7,1999,484,696,2,6,Somerst,Y,Gd,Gd
116500,858,5,1958,0,858,0,4,BrkSide,Y,TA,TA
272000,2872,6,1977,619,1330,2,11,NWAmes,Y,Gd,TA
155000,1548,6,1976,440,804,2,7,NPkVill,Y,Gd,TA
239000,1800,9,2007,702,1800,2,7,CollgCr,Y,Ex,Gd
214900,1894,7,2002,510,817,2,8,Timber,Y,Gd,Gd
178900,1484,6,2005,393,783,2,8,Gilbert,Y,Gd,Gd
160000,1308,5,1940,256,728,1,7,Crawfor,Y,TA,Gd
135000,1098,5,1955,260,1098,1,6,NAmes,Y,TA,TA
37900,968,3,1910,0,600,0,6,OldTown,N,TA,TA
140000,1095,6,1958,264,588,1,6,NAmes,Y,TA,TA
135000,1192,4,1949,0,720,0,6,NAmes,N,TA,TA
173000,1626,7,2003,474,764,2,6,NridgHt,Y,Gd,Gd
99500,918,6,1979,264,918,1,5,SawyerW,Y,Gd,TA
182000,1428,7,2007,480,1428,2,6,Somerst,Y,Gd,Gd
167500,2019,7,1910,532,728,2,8,BrkSide,N,Gd,TA
165000,1382,7,2000,490,673,2,6,Somerst,Y,Gd,Gd
85500,869,4,1923,0,440,0,4,BrkSide,Y,Gd,TA
199900,1241,7,2006,569,1241,2,4,Somerst,Y,Gd,Gd
110000,894,4,1954,400,894,2,5,Edwards,Y,TA,TA
139000,1121,5,1963,480,1121,2,5,Sawyer,Y,TA,TA
178400,999,7,1961,588,944,2,6,NAmes,Y,TA,Ex
336000,2612,8,1998,676,1225,3,8,NoRidge,Y,Gd,Gd
159895,1266,7,2007,388,1266,2,6,Blmngtn,Y,Gd,Gd
255900,2290,8,2002,779,1128,2,9,CollgCr,Y,Gd,Gd
126000,1734,5,1977,539,0,2,8,Mitchel,Y,None,TA
125000,1164,5,1950,240,1164,1,5,Edwards,N,TA,TA
117000,1635,6,1910,255,485,1,5,OldTown,Y,TA,TA
395192,1940,9,2009,606,1930,3,8,NridgHt,Y,Ex,Ex
195000,2030,6,1976,551,848,2,8,NWAmes,Y,TA,TA
197000,1576,7,2006,614,770,2,6,Somerst,Y,Gd,Gd
348000,2392,8,1997,870,1396,3,7,NoRidge,Y,Gd,Gd
168000,1742,8,1882,424,916,2,8,OldTown,Y,TA,Gd
187000,1851,6,1964,440,822,2,7,NAmes,Y,TA,TA
173900,1500,6,2005,564,750,2,6,CollgCr,Y,Gd,TA
337500,1718,10,2006,786,1700,3,7,NridgHt,Y,Ex,Ex
121600,1230,4,1946,305,747,1,5,BrkSide,Y,TA,TA
136500,1050,5,1961,368,1050,1,6,NAmes,Y,TA,TA
185000,1442,6,1970,615,1442,2,6,NWAmes,Y,TA,TA
91000,1077,3,1922,210,1007,1,6,IDOTRR,N,TA,TA
206000,1208,7,2006,632,1187,2,6,CollgCr,Y,Gd,Gd
82000,944,3,1952,528,0,2,4,Edwards,N,None,TA
86000,691,5,1920,216,691,1,4,OldTown,Y,Fa,TA
232000,1574,8,2006,824,1574,3,7,Somerst,Y,Gd,Gd
136905,1680,5,1976,528,1680,2,8,NWAmes,Y,TA,TA
181000,1504,7,2005,457,1346,2,7,Blmngtn,Y,Gd,Gd
149900,985,5,1977,328,985,1,6,CollgCr,Y,Gd,Gd
163500,1657,6,1970,484,1657,2,7,NAmes,Y,Gd,TA
88000,1092,4,1970,286,546,1,6,MeadowV,Y,TA,TA
240000,1710,7,2004,550,1710,2,7,Mitchel,Y,Ex,Gd
102000,1522,5,1926,0,1008,0,7,SWISU,Y,TA,TA
135000,1271,5,1948,312,720,1,7,Sawyer,Y,TA,TA
100000,1664,5,1965,0,0,0,8,Edwards,N,None,TA
165000,1502,6,1923,180,602,1,7,Crawfor,Y,TA,TA
85000,1022,5,1910,280,1022,1,4,OldTown,N,TA,TA
119200,1082,6,1948,240,1082,1,5,NAmes,Y,TA,TA
227000,1665,8,2001,528,810,2,6,NWAmes,Y,Gd,Gd
203000,1504,7,1996,478,1504,2,6,CollgCr,Y,Gd,Gd
187500,1360,8,1984,565,1220,2,4,StoneBr,Y,Gd,Gd
160000,1472,7,1991,402,384,2,7,Gilbert,Y,Gd,Gd
213490,1506,7,2005,440,1362,2,6,Blmngtn,Y,Gd,Gd
176000,1132,4,2005,451,1132,2,5,Edwards,Y,Gd,TA
194000,1220,7,2006,632,1199,2,6,CollgCr,Y,Gd,Gd
87000,1248,5,1930,160,912,1,6,OldTown,Y,TA,TA
191000,1504,7,2005,437,1346,2,7,Blmngtn,Y,Gd,Gd
287000,2898,8,1976,665,1565,2,10,Timber,Y,Gd,Gd
112500,882,5,1972,461,882,2,5,CollgCr,Y,TA,TA
167500,1264,5,1960,461,1268,2,6,NAmes,Y,TA,TA
293077,1646,8,2007,800,1638,3,7,Timber,Y,Gd,Gd
105000,1376,5,1941,240,768,1,6,NAmes,Y,TA,TA
118000,1218,6,1972,264,672,1,7,BrDale,Y,TA,TA
160000,1928,5,1916,0,686,0,10,SWISU,Y,TA,TA
197000,3082,7,1920,672,824,2,12,SWISU,Y,TA,TA
310000,2520,8,1993,796,1338,3,10,NoRidge,Y,Gd,Gd
230000,1654,7,2002,900,1654,3,6,CollgCr,Y,Gd,Gd
119750,954,5,1938,240,920,1,5,Crawfor,Y,Fa,TA
84000,845,4,1957,290,0,1,5,Edwards,N,None,TA
315500,1620,9,2007,912,1620,3,6,Timber,Y,Ex,Gd
287000,2263,8,2001,905,1055,2,7,CollgCr,Y,Gd,Gd
97000,1344,4,1970,0,546,0,6,MeadowV,Y,TA,TA
80000,630,4,1970,286,630,1,3,MeadowV,Y,Gd,TA
155000,1803,5,1957,484,1134,2,8,Sawyer,Y,TA,TA
173000,1632,6,1966,484,800,2,7,NWAmes,Y,TA,TA
196000,1306,6,2005,624,1306,2,5,NridgHt,Y,Gd,Gd
262280,2329,7,1990,514,1475,2,10,SawyerW,Y,Gd,TA
278000,2524,8,1981,542,2524,2,9,NWAmes,Y,Gd,Gd
139600,1733,3,1955,452,0,2,8,Edwards,Y,None,TA
556581,2868,9,2005,716,1992,3,11,StoneBr,Y,Ex,Gd
145000,990,5,1994,672,990,2,5,CollgCr,Y,Gd,TA
115000,1771,5,1960,336,0,2,9,Mitchel,Y,None,TA
84900,930,4,1946,308,0,1,6,Edwards,Y,None,TA
176485,1302,7,2007,436,1302,2,6,Gilbert,Y,Gd,Gd
200141,1316,7,2007,440,1316,2,6,CollgCr,Y,Gd,Gd
165000,1977,6,1964,540,816,2,9,NAmes,Y,TA,TA
144500,1526,5,1957,364,1216,1,7,Edwards,Y,TA,TA
255000,1989,8,2002,586,1065,2,7,CollgCr,Y,Gd,Gd
180000,1523,6,1976,478,1193,2,7,NWAmes,Y,Gd,TA
185850,1364,7,2005,484,1364,2,6,NridgHt,Y,Gd,Gd
248000,1850,7,1994,467,973,2,7,NoRidge,Y,Gd,Gd
335000,2184,9,2008,836,1104,3,10,NridgHt,Y,Ex,Ex
220000,1991,6,1932,432,854,2,7,Crawfor,Y,TA,TA
213500,1338,8,2001,582,1338,2,6,StoneBr,Y,Gd,Gd
81000,894,3,1935,1248,894,3,6,IDOTRR,Y,TA,Fa
90000,2337,5,1900,560,662,2,10,OldTown,N,TA,TA
110500,1103,6,1925,440,1103,2,5,OldTown,Y,TA,TA
154000,1154,5,1966,480,1154,2,6,NAmes,Y,TA,TA
328000,2260,7,1996,533,1306,2,7,ClearCr,Y,Ex,Gd
178000,1571,6,1993,380,799,2,7,Gilbert,Y,Gd,Gd
167900,1611,6,1964,442,780,2,7,NAmes,Y,TA,TA
151400,2521,6,1973,576,942,2,10,MeadowV,Y,Gd,TA
135000,893,5,1949,576,845,2,4,NAmes,Y,TA,TA
135000,1048,5,1956,286,1048,1,6,NAmes,Y,TA,TA
154000,1556,6,1968,441,727,2,8,NWAmes,Y,TA,TA
91500,1456,5,1948,280,810,1,7,Edwards,Y,Fa,TA
159500,1426,6,1977,440,690,2,6,Edwards,Y,TA,TA
194000,1240,7,2006,826,1240,3,5,CollgCr,Y,Gd,Gd
219500,1740,7,1940,240,800,1,6,Crawfor,Y,TA,TA
170000,1466,5,1936,566,796,2,7,OldTown,Y,Fa,TA
138800,1096,5,1969,299,1096,1,6,NAmes,Y,TA,TA
155900,848,6,2004,420,848,2,3,CollgCr,Y,Gd,Gd
126000,990,5,1994,299,990,1,5,CollgCr,Y,Gd,TA
145000,1258,6,1971,528,1258,2,5,NWAmes,Y,TA,Gd
133000,1040,5,1963,308,1040,1,5,Sawyer,Y,TA,TA
192000,1459,7,2002,527,1459,2,6,CollgCr,Y,Gd,Gd
160000,1251,6,1964,461,1251,1,6,NAmes,Y,TA,TA
187500,1498,6,1995,409,691,2,6,Gilbert,Y,Gd,TA
147000,996,6,1992,564,936,2,5,SawyerW,Y,Gd,TA
83500,1092,4,1973,286,546,1,6,MeadowV,Y,TA,TA
252000,1953,8,2005,1043,1082,3,9,Somerst,Y,Gd,Gd
137500,1709,7,2004,380,970,2,7,Edwards,Y,Gd,Gd
197000,1247,8,2005,550,1247,2,4,Somerst,Y,Gd,Gd
92900,1040,3,1950,400,0,2,6,NAmes,N,None,TA
160000,1252,7,1999,462,600,2,4,Somerst,Y,Gd,Gd
136500,1694,6,1925,576,1181,2,7,SWISU,Y,TA,TA
146000,1200,5,1965,884,864,2,6,NAmes,Y,TA,TA
129000,936,5,1956,308,936,1,4,NAmes,Y,TA,TA
176432,1314,6,2006,440,1314,2,6,CollgCr,Y,Gd,Gd
127000,1355,6,1914,0,684,0,7,IDOTRR,Y,TA,TA
170000,1088,8,1986,461,1074,2,5,StoneBr,Y,Gd,Gd
128000,1324,4,1936,240,672,1,6,BrkSide,Y,TA,TA
157000,1601,7,1978,478,1271,2,7,NWAmes,Y,Gd,TA
60000,438,2,1920,246,290,1,3,SWISU,N,TA,TA
119500,950,5,1971,280,950,1,5,NAmes,Y,TA,TA
135000,1134,5,1960,254,1010,1,6,NAmes,Y,TA,TA
159500,1194,6,1959,539,655,2,6,NAmes,Y,TA,TA
106000,1302,5,1970,440,630,2,6,BrDale,Y,TA,TA
325000,2622,8,1994,712,1463,2,9,NoRidge,Y,Ex,Gd
179900,1442,7,1990,719,910,2,6,SawyerW,Y,Gd,Gd
274725,2021,7,2006,422,868,2,9,Gilbert,Y,Ex,Gd
181000,1690,6,2000,463,924,2,7,Gilbert,Y,Gd,TA
280000,1836,8,2004,862,1836,3,7,NridgHt,Y,Ex,Gd
188000,1658,6,1995,431,773,2,8,Gilbert,Y,Gd,TA
205000,1964,7,1976,483,803,2,8,NWAmes,Y,TA,TA
129900,816,5,1957,308,816,1,5,NAmes,Y,TA,TA
134500,1008,5,1953,240,1008,1,6,NAmes,Y,TA,TA
117000,833,5,1954,326,833,1,4,OldTown,Y,TA,TA
318000,1734,8,2007,928,1734,3,7,NridgHt,Y,Ex,Gd
184100,1419,8,2002,527,408,2,7,Gilbert,Y,Gd,Gd
130000,894,5,1967,450,894,2,5,Sawyer,Y,TA,TA
140000,1601,5,1958,300,533,1,6,Sawyer,Y,TA,TA
133700,1040,5,1959,286,1040,1,6,NAmes,Y,TA,TA
118400,1012,6,1920,308,1012,1,6,IDOTRR,Y,TA,TA
212900,1552,7,2005,782,1552,3,7,CollgCr,Y,Gd,Gd
112000,960,4,1956,288,672,1,5,Edwards,Y,TA,TA
118000,698,5,1947,0,698,0,4,Edwards,Y,TA,TA
163900,1482,7,1992,392,384,2,7,Gilbert,Y,Gd,TA
115000,1005,4,1955,672,1005,2,5,NAmes,Y,TA,TA
174000,1555,7,2007,660,1373,3,7,Blmngtn,Y,Gd,Gd
259000,1530,7,2004,630,1530,3,7,Gilbert,Y,Gd,Gd
215000,1959,7,2004,434,847,2,8,Gilbert,Y,Gd,Gd
140000,936,5,1980,672,936,2,4,OldTown,Y,Gd,TA
135000,1981,4,1928,576,1122,2,7,SWISU,Y,TA,TA
93500,974,5,1991,0,974,0,5,Mitchel,Y,Gd,TA
117500,2210,6,1880,205,1008,1,8,OldTown,Y,TA,TA
239500,2020,8,1995,466,1128,2,8,SawyerW,Y,Gd,Gd
169000,1600,6,1997,460,916,2,7,Gilbert,Y,Gd,TA
102000,986,6,1926,180,960,1,5,BrkSide,N,TA,TA
119000,1252,6,1950,288,1032,1,6,NAmes,Y,TA,TA
94000,1020,5,1875,0,780,0,6,Sawyer,N,TA,TA
196000,1567,6,1977,714,1567,2,5,Mitchel,Y,TA,TA
144000,1167,5,1920,495,915,2,6,BrkSide,Y,TA,TA
139000,952,5,1951,840,952,2,4,NAmes,Y,TA,TA
197500,1868,5,1976,484,780,2,9,NWAmes,Y,TA,TA
424870,2828,8,2006,1052,1466,3,11,CollgCr,Y,Ex,Gd
80000,1006,5,1959,0,1006,0,5,Sawyer,Y,TA,TA
80000,924,4,1941,280,672,1,5,Edwards,N,Gd,TA
149000,1576,5,1928,225,1042,1,8,BrkSide,Y,TA,TA
180000,1298,6,1985,403,1298,2,5,SawyerW,Y,Gd,Gd
174500,1564,7,1941,234,704,1,7,Crawfor,Y,TA,TA
116900,1111,7,1926,288,572,1,5,OldTown,Y,TA,TA
143000,1482,7,1920,324,650,2,7,OldTown,Y,TA,TA
124000,932,6,1950,306,932,1,4,NAmes,Y,TA,TA
149900,1466,5,1959,528,1466,2,6,Edwards,Y,TA,TA
230000,1811,6,1956,470,1073,2,6,Crawfor,Y,TA,TA
120500,816,6,1930,432,816,1,5,IDOTRR,Y,TA,Gd
201800,1820,7,1965,492,864,2,8,NAmes,Y,TA,TA
218000,1437,5,1976,528,1437,2,6,Veenker,Y,Gd,Gd
179900,1265,5,1965,502,1219,2,6,NAmes,Y,TA,TA
230000,1314,7,2007,626,1314,2,6,NridgHt,Y,Gd,Gd
235128,1580,8,2007,830,1580,3,7,Somerst,Y,Gd,Gd
185000,1876,6,1974,540,901,2,8,NWAmes,Y,TA,Gd
146000,1456,6,1978,440,855,2,7,NPkVill,Y,Gd,TA
224000,1640,6,1954,924,1296,2,7,Crawfor,Y,TA,Gd
129000,894,5,1968,450,894,2,5,Sawyer,Y,Gd,TA
108959,1258,4,1969,400,1198,2,6,Sawyer,Y,Gd,TA
194000,1432,5,1978,588,1360,2,5,Veenker,Y,Gd,TA
233170,1502,7,2009,644,1502,2,7,NridgHt,Y,Gd,Gd
245350,1694,8,2008,776,1694,3,7,CollgCr,Y,Gd,Gd
173000,1671,6,2000,472,959,2,7,Gilbert,Y,Gd,TA
235000,2108,6,1935,540,1127,2,7,Edwards,Y,TA,TA
625000,3627,10,1995,807,1930,3,10,NoRidge,Y,Ex,Gd
171000,1118,6,1977,358,1096,1,6,Mitchel,Y,TA,TA
163000,1261,6,1958,433,1261,2,6,NAmes,Y,TA,TA
171900,1250,7,2006,625,625,2,5,Somerst,Y,Gd,Gd
200500,3086,5,1946,0,1598,0,12,ClearCr,Y,TA,TA
239000,2345,6,1932,360,952,2,9,Crawfor,Y,Gd,TA
285000,2872,8,1992,541,1683,2,9,NoRidge,Y,Gd,Gd
119500,923,5,1984,264,876,1,5,Mitchel,Y,TA,TA
115000,1224,6,1926,210,818,1,5,OldTown,Y,TA,TA
154900,1343,5,1921,186,731,1,7,Crawfor,Y,TA,TA
93000,1124,5,1954,0,0,0,5,Edwards,Y,None,TA
250000,2514,7,1990,693,1216,2,8,Timber,Y,Gd,TA
392500,1652,8,2008,482,1600,2,5,Crawfor,Y,Ex,Ex
745000,4476,10,1996,813,2396,3,10,NoRidge,Y,Ex,Gd
120000,1130,5,1920,720,1120,2,5,OldTown,Y,TA,TA
186700,1572,5,1963,995,1572,3,5,Timber,Y,TA,TA
104900,1221,5,1924,392,784,1,7,Edwards,Y,TA,TA
95000,1699,3,1900,420,978,2,7,OldTown,Y,Fa,TA
262000,1624,8,1994,757,1624,3,5,NoRidge,Y,Gd,Gd
195000,1660,7,2002,493,831,2,7,CollgCr,Y,Gd,Gd
189000,1804,7,1999,442,994,2,7,Gilbert,Y,TA,TA
168000,1622,4,1961,1356,1249,4,7,Mitchel,Y,TA,TA
174000,1441,8,1999,492,776,2,5,Somerst,Y,Gd,Gd
125000,1472,5,1925,250,702,1,6,OldTown,Y,TA,TA
165000,1224,6,1999,402,1224,2,5,Mitchel,Y,Ex,TA
158000,1352,6,1969,299,663,1,7,Sawyer,Y,TA,TA
176000,1456,6,2005,400,728,2,8,Gilbert,Y,Gd,TA
219210,1863,7,2006,660,879,3,9,Gilbert,Y,Gd,Gd
144000,1690,7,1916,225,815,1,7,OldTown,Y,TA,TA
178000,1212,7,2001,573,1212,2,6,CollgCr,Y,Gd,Gd
148000,1382,4,1963,459,1051,2,6,Sawyer,Y,TA,TA
116050,864,4,1970,280,864,1,5,NAmes,Y,TA,TA
197900,1779,7,1998,546,866,2,6,CollgCr,Y,Gd,TA
117000,1348,5,1925,216,884,1,5,BrkSide,Y,TA,TA
213000,1630,7,2000,451,1630,2,6,CollgCr,Y,Gd,Gd
153500,1074,5,1975,495,1056,2,6,NWAmes,Y,Gd,TA
271900,2196,7,1990,701,2158,3,7,SawyerW,Y,Gd,Gd
107000,1056,4,1966,384,1056,1,5,SawyerW,Y,TA,TA
200000,1700,6,2003,544,1682,2,7,CollgCr,Y,Gd,Gd
140000,1283,5,1962,506,931,2,6,NAmes,Y,TA,TA
290000,1660,8,2006,500,1660,2,8,Somerst,Y,Ex,Gd
189000,1845,6,1992,462,1055,2,8,SawyerW,Y,Gd,Gd
164000,1752,8,1988,492,559,2,8,Gilbert,Y,Gd,Gd
113000,672,4,1941,234,672,1,4,Edwards,Y,TA,TA
145000,960,4,1965,364,648,1,3,Sawyer,Y,TA,TA
134500,999,5,1962,300,925,1,6,NAmes,Y,TA,TA
125000,894,5,1966,384,894,1,5,Sawyer,Y,TA,TA
112000,1902,6,1978,539,0,2,8,Sawyer,Y,None,TA
229456,1314,8,2009,552,1300,2,6,Somerst,Y,Gd,Gd
80500,912,4,1947,0,0,0,3,BrkSide,N,None,TA
91500,1218,6,1971,0,672,0,7,BrDale,Y,TA,TA
115000,912,5,1964,288,912,1,5,NAmes,Y,TA,TA
134000,1211,5,1968,322,952,1,5,Sawyer,Y,TA,TA
143000,1846,6,1949,315,1040,1,7,NAmes,Y,TA,TA
137900,2136,5,1951,528,2136,2,7,NAmes,N,TA,TA
184000,1490,7,2004,388,788,2,8,Gilbert,Y,Gd,Gd
145000,1138,6,1958,264,588,1,6,NAmes,Y,TA,TA
214000,1933,6,2007,668,894,3,9,Somerst,Y,Gd,Gd
147000,912,5,1965,576,912,2,5,NAmes,Y,TA,TA
367294,1702,9,2008,1052,1702,3,7,NridgHt,Y,Ex,Ex
127000,1507,5,1960,404,1075,1,7,NAmes,Y,TA,TA
190000,2620,5,1977,600,1361,2,12,Sawyer,Y,Gd,TA
132500,1190,5,1962,540,1106,2,6,NAmes,Y,TA,TA
101800,1224,4,1962,462,0,2,6,NAmes,Y,None,TA
142000,1188,5,1959,531,1188,2,6,NAmes,Y,TA,TA
130000,1964,5,1911,0,940,0,7,SWISU,N,TA,TA
138887,1784,5,1914,180,747,1,9,Crawfor,Y,Gd,TA
175500,1626,7,2003,474,764,2,6,NridgHt,Y,Gd,Gd
195000,1948,7,2004,434,847,2,8,CollgCr,Y,Gd,Gd
142500,1141,6,2005,484,1141,2,6,SawyerW,Y,Gd,Gd
265900,1484,8,2006,472,1476,2,6,Timber,Y,Gd,Gd
224900,1768,7,2003,543,884,2,8,CollgCr,Y,Gd,Gd
248328,1689,7,2007,954,1689,3,7,Somerst,Y,Gd,Gd
170000,1173,7,1974,528,1053,2,6,NWAmes,Y,Gd,TA
465000,2076,10,2006,850,2076,3,7,NridgHt,Y,Ex,Ex
230000,1517,8,1929,400,792,2,7,Crawfor,Y,Gd,TA
178000,1868,6,1984,477,585,2,7,NWAmes,Y,Gd,TA
186500,1553,7,2005,615,756,2,6,Somerst,Y,Gd,Gd
169900,1034,6,1976,888,1012,3,6,Mitchel,Y,TA,TA
129500,2058,6,1917,396,735,2,8,OldTown,N,Gd,TA
119000,988,5,1950,276,876,1,6,NAmes,Y,TA,TA
244000,2110,7,1968,522,2110,2,8,NAmes,Y,TA,Gd
171750,1405,7,2003,478,1405,2,6,NridgHt,Y,Gd,Gd
130000,874,5,1968,288,864,1,5,Mitchel,Y,TA,TA
294000,2167,7,1974,518,1192,2,9,Veenker,Y,TA,Gd
165400,1656,7,2003,397,746,2,7,Edwards,Y,Gd,Gd
127500,1367,6,1931,560,884,1,6,BrkSide,Y,TA,TA
301500,1987,8,1994,691,1986,2,7,NoRidge,Y,Gd,Gd
99900,864,5,1922,0,864,0,4,Edwards,Y,Fa,TA
190000,1166,7,2005,400,856,2,5,Gilbert,Y,Gd,Gd
151000,1054,6,1969,460,1054,2,6,NAmes,Y,Gd,TA
181000,1675,6,1999,502,841,2,7,Gilbert,Y,Gd,TA
128900,1050,5,1956,338,1050,1,5,NAmes,Y,TA,TA
161500,1788,4,1957,304,1104,1,8,ClearCr,Y,TA,TA
180500,1824,6,1919,520,764,2,8,BrkSide,Y,TA,TA
181000,1337,6,1998,511,1405,2,5,NAmes,Y,Gd,Gd
183900,1452,7,1999,506,691,2,6,Somerst,Y,Gd,Gd
122000,1889,7,1910,308,925,1,9,OldTown,N,TA,Fa
378500,2018,9,2008,746,2002,3,10,Timber,Y,Ex,Ex
381000,3447,8,1935,1014,728,3,11,Crawfor,Y,TA,TA
144000,1524,5,1958,315,874,1,7,NAmes,Y,TA,TA
260000,1524,7,1979,586,1332,2,4,ClearCr,Y,Gd,Gd
185750,1489,6,1968,462,1489,2,7,NWAmes,Y,TA,TA
137000,935,5,1965,288,935,1,5,Sawyer,Y,TA,TA
177000,1357,6,1959,312,1019,1,5,Edwards,Y,TA,TA
139000,1250,5,1910,552,661,2,8,Crawfor,Y,TA,TA
137000,1920,5,1948,400,928,2,10,NAmes,Y,TA,TA
162000,1395,6,1972,497,723,2,6,NWAmes,Y,TA,TA
197900,1724,6,1967,480,1680,2,7,NWAmes,Y,Gd,TA
237000,2031,8,2002,577,1128,2,7,CollgCr,Y,Gd,Gd
68400,1128,4,1920,528,698,2,6,IDOTRR,Y,TA,TA
227000,1573,7,2002,544,1573,2,6,CollgCr,Y,Gd,Gd
180000,1339,7,1990,484,1309,2,6,Timber,Y,Gd,TA
150500,1040,5,1977,484,1040,2,5,CollgCr,Y,Gd,TA
139000,1824,6,1971,0,912,0,8,Mitchel,Y,TA,TA
169000,2447,6,1919,336,804,1,10,SWISU,Y,TA,TA
132500,1412,6,1939,280,780,1,6,BrkSide,Y,TA,TA
143000,1328,6,1963,528,1328,2,6,NWAmes,Y,TA,TA
190000,1582,5,1964,390,1624,2,7,ClearCr,Y,TA,TA
278000,1659,8,2000,499,1501,2,5,StoneBr,Y,Gd,Gd
281000,1970,8,2006,753,1085,3,8,NridgHt,Y,Gd,Gd
180500,1152,5,1964,484,1152,2,6,NAmes,Y,TA,TA
119500,1302,5,1972,264,630,1,6,BrDale,Y,TA,TA
107500,2372,5,1892,432,994,1,11,OldTown,N,TA,TA
162900,1664,7,1976,528,832,2,8,NWAmes,Y,Gd,TA
115000,864,5,1955,572,864,2,5,Edwards,Y,TA,TA
138500,1052,5,1968,288,1052,1,5,NAmes,Y,TA,TA
155000,1128,5,1963,525,1120,2,6,NAmes,Y,TA,TA
140000,1072,6,2005,525,547,2,5,Edwards,Y,Gd,TA
154000,1246,5,1959,305,1246,1,6,NAmes,Y,TA,TA
225000,1983,7,1999,490,978,2,9,Gilbert,Y,Gd,Gd
177500,1494,6,1942,213,771,1,7,Crawfor,Y,TA,TA
290000,2526,8,1994,844,1165,3,8,NoRidge,Y,Gd,Gd
232000,1616,7,2005,834,1616,3,7,Somerst,Y,Gd,Gd
130000,1708,7,2004,380,976,2,7,Edwards,Y,Gd,Gd
325000,1652,9,2006,840,1652,2,6,NridgHt,Y,Ex,Gd
202500,1368,7,2005,474,1368,2,6,NridgHt,Y,Gd,Gd
138000,990,5,1994,480,990,2,5,CollgCr,Y,Gd,TA
147000,1122,5,1948,528,924,2,6,OldTown,Y,TA,TA
179200,1294,6,1991,496,1278,2,6,SawyerW,Y,Gd,TA
335000,1902,7,1959,567,1902,2,7,Crawfor,Y,Gd,Gd
203000,1274,7,2005,508,1274,2,6,CollgCr,Y,Gd,Gd
302000,2810,8,1990,750,1453,2,9,NoRidge,Y,Ex,Gd
333168,2599,9,1999,779,1393,3,10,NoRidge,Y,Gd,Gd
119000,948,4,1954,280,948,1,5,Edwards,Y,TA,TA
206900,2112,6,1969,576,952,2,9,NAmes,Y,Fa,TA
295493,1630,8,2008,860,1622,3,8,CollgCr,Y,Ex,Gd
208900,1352,7,2006,466,1352,2,5,Somerst,Y,Ex,Gd
275000,1787,8,2001,748,1753,3,7,CollgCr,Y,Gd,Gd
111000,948,4,1954,248,864,1,5,Edwards,Y,TA,TA
156500,1478,6,1957,442,1478,2,6,NAmes,Y,TA,TA
72500,720,3,1949,287,0,1,4,BrkSide,N,None,TA
190000,1923,7,1992,564,750,2,8,NoRidge,Y,Gd,Gd
82500,708,4,1940,0,420,0,5,BrkSide,Y,TA,Fa
147000,1795,8,2006,895,1795,3,7,Somerst,Y,Ex,Gd
55000,796,4,1922,0,796,0,5,IDOTRR,N,TA,TA
79000,774,3,1931,0,544,0,6,Edwards,Y,TA,TA
130500,816,5,1982,264,816,1,5,Mitchel,Y,TA,Gd
256000,2792,6,1920,520,1510,2,8,OldTown,Y,Gd,Gd
176500,1632,7,1998,462,935,2,8,Gilbert,Y,Gd,TA
227000,1588,8,2006,825,1588,3,7,Somerst,Y,Gd,Gd
132500,954,5,1976,576,911,2,6,CollgCr,Y,TA,TA
100000,816,4,1938,288,816,1,3,Edwards,Y,TA,TA
125500,1360,5,1938,297,803,1,6,IDOTRR,Y,TA,TA
125000,1365,5,1970,440,765,2,7,BrDale,Y,TA,TA
167900,1334,6,1977,630,1350,2,6,NWAmes,Y,Gd,TA
135000,1656,5,1973,506,1656,2,8,NWAmes,Y,TA,TA
52500,693,4,1941,0,693,0,4,OldTown,N,TA,TA
200000,1861,7,2002,492,916,2,8,CollgCr,Y,Gd,Gd
128500,864,5,1972,288,864,1,5,CollgCr,Y,TA,TA
123000,872,4,1971,480,858,4,5,NAmes,Y,TA,TA
155000,1114,6,2003,576,1114,2,6,SawyerW,Y,Gd,TA
228500,2169,8,2002,647,1284,2,7,CollgCr,Y,Gd,Gd
177000,1913,6,1928,342,896,2,9,Crawfor,Y,TA,TA
155835,1456,7,2006,440,728,2,8,CollgCr,Y,Gd,Gd
108500,960,4,1920,308,960,1,5,OldTown,Y,TA,TA
262500,2156,7,1968,508,1568,2,9,NWAmes,Y,TA,TA
283463,1776,8,2006,712,1732,3,7,Timber,Y,Ex,Gd
215000,1494,7,1998,514,1482,2,5,SawyerW,Y,Gd,Gd
122000,2358,8,1872,0,684,0,8,OldTown,N,TA,TA
200000,2634,5,1969,968,1248,4,12,NAmes,Y,TA,TA
171000,1716,6,1962,490,858,2,8,NAmes,Y,TA,TA
134900,1176,6,1937,624,698,2,4,BrkSide,Y,TA,Gd
410000,3238,8,1995,666,2033,3,9,NoRidge,Y,Gd,Gd
235000,1865,7,2000,839,992,3,7,CollgCr,Y,Gd,Gd
170000,1920,7,1968,487,570,2,8,NWAmes,Y,TA,TA
110000,892,5,1966,264,864,1,5,NAmes,Y,TA,TA
149900,1078,5,1971,500,1078,2,6,NAmes,Y,TA,TA
177500,1573,6,2000,440,756,2,5,Somerst,Y,Gd,Gd
315000,1980,9,2004,770,1980,3,8,NridgHt,Y,Ex,Gd
189000,2601,5,1921,621,612,2,8,SWISU,Y,TA,TA
260000,1530,7,2005,430,1530,2,7,StoneBr,Y,Ex,Gd
104900,1738,4,1920,368,715,1,7,NAmes,Y,TA,TA
156932,1412,6,2006,432,616,2,6,Gilbert,Y,Gd,TA
144152,1200,7,2005,480,600,2,4,Somerst,Y,Gd,Gd
216000,1674,7,2000,663,814,2,7,Somerst,Y,Gd,Gd
193000,1790,7,1999,588,873,2,7,CollgCr,Y,Gd,Gd
127000,1475,5,1977,336,757,1,6,MeadowV,Y,TA,TA
144000,848,6,2003,420,848,2,4,CollgCr,Y,Gd,Gd
232000,1668,8,2003,502,1657,2,8,CollgCr,Y,Gd,Gd
105000,1374,4,1920,338,840,1,6,OldTown,Y,TA,Fa
165500,1661,6,1955,377,992,1,8,NAmes,Y,TA,TA
274300,2097,7,1998,583,1108,2,8,CollgCr,Y,Gd,TA
466500,2633,10,2001,804,2633,3,8,NoRidge,Y,Ex,Ex
250000,1958,7,2005,936,1026,3,9,Somerst,Y,Gd,Gd
239000,1571,8,2007,722,1571,3,7,Timber,Y,Gd,Gd
91000,790,6,1930,160,768,1,4,SWISU,N,Gd,TA
117000,1604,5,1941,660,984,2,6,Edwards,Y,TA,TA
83000,987,6,1973,264,483,1,5,BrDale,Y,TA,TA
167500,1394,5,2006,400,384,2,7,Timber,Y,Gd,TA
58500,864,3,1914,200,864,1,5,Edwards,N,TA,TA
237500,2117,6,1970,550,1205,2,7,NAmes,Y,TA,TA
157000,1762,7,1920,576,596,2,8,OldTown,Y,Fa,TA
112000,1416,5,1918,576,816,2,7,Sawyer,Y,TA,TA
105000,1258,6,1939,280,560,1,6,Edwards,Y,TA,TA
125500,1154,4,1922,240,796,1,7,IDOTRR,Y,TA,TA
250000,2784,7,1978,564,1392,2,12,NWAmes,Y,Gd,TA
136000,2526,6,1916,216,714,1,10,OldTown,N,TA,TA
377500,1746,9,2006,758,1746,3,7,Gilbert,Y,Ex,Ex
131000,1218,6,1941,440,735,2,6,BrkSide,Y,TA,TA
235000,1525,7,2000,541,1525,2,6,CollgCr,Y,Gd,Gd
124000,1584,5,1967,792,1584,3,8,NAmes,Y,TA,TA
123000,900,5,1967,288,864,1,6,NAmes,Y,TA,TA
163000,1912,6,1905,672,482,2,7,OldTown,N,Fa,TA
246578,1500,7,2006,648,1356,3,6,Blmngtn,Y,Gd,Gd
281213,2482,8,2005,642,1094,3,9,Timber,Y,Gd,Gd
160000,1687,5,1948,572,747,2,7,Timber,Y,TA,TA
137500,1513,5,1920,180,939,1,8,BrkSide,Y,TA,TA
138000,1904,5,1950,240,1208,1,7,NAmes,Y,TA,TA
137450,1608,6,1925,216,976,1,7,SWISU,Y,TA,TA
120000,1158,6,1929,208,862,1,5,BrkSide,Y,TA,TA
193000,1593,6,2004,398,839,2,8,Gilbert,Y,TA,TA
193879,1294,7,2006,662,1286,2,6,CollgCr,Y,Gd,Gd
282922,1464,8,2007,754,1485,3,6,Somerst,Y,Gd,Gd
105000,1214,3,1915,936,672,3,6,OldTown,Y,TA,TA
275000,1646,8,2004,482,1594,2,5,Crawfor,Y,Ex,Gd
133000,768,5,1972,396,768,2,5,CollgCr,Y,Gd,TA
112000,833,5,1985,0,833,0,5,Mitchel,Y,TA,TA
125500,1363,4,1910,528,622,2,6,OldTown,Y,Fa,TA
215000,2093,7,1986,542,791,2,7,NWAmes,Y,Gd,TA
230000,1840,7,2001,622,944,2,6,CollgCr,Y,Gd,Gd
140000,1668,6,1950,271,856,1,6,NAmes,Y,TA,TA
90000,1040,4,1949,420,0,2,6,NAmes,N,None,TA
257000,1844,8,2005,620,1844,2,7,SawyerW,Y,Gd,Gd
207000,1848,6,1923,370,833,2,8,BrkSide,Y,TA,TA
175900,1569,7,2007,660,1386,3,7,Blmngtn,Y,Gd,Gd
122500,2290,4,1885,560,777,2,11,OldTown,Y,TA,TA
340000,2450,8,1998,1069,1284,3,7,NoRidge,Y,Gd,Gd
124000,1144,5,1963,336,1144,1,6,NAmes,Y,TA,TA
223000,1844,6,1969,540,1844,2,7,Crawfor,Y,TA,Gd
179900,1416,6,1968,776,708,2,7,NWAmes,Y,TA,TA
127500,1069,6,1977,440,1069,2,4,NPkVill,Y,Gd,TA
136500,848,6,2003,420,848,2,3,CollgCr,Y,Gd,Gd
274970,2201,6,1966,432,697,2,8,Edwards,Y,Gd,Gd
144000,1344,5,1958,484,1024,1,6,NAmes,Y,TA,TA
142000,1252,6,1959,528,1252,2,7,NAmes,Y,TA,Gd
271000,2127,7,1994,525,1223,2,5,NoRidge,Y,Gd,Gd
140000,1558,5,1945,288,913,1,6,NAmes,Y,TA,TA
119000,804,5,1940,240,788,1,4,OldTown,Y,TA,TA
182900,1440,6,1981,467,1440,2,7,NWAmes,Y,Gd,Gd
192140,1838,5,2005,372,732,2,7,Gilbert,Y,Gd,Gd
143750,958,6,1976,440,958,2,5,NPkVill,Y,Gd,TA
64500,968,4,1927,216,656,1,5,OldTown,Y,TA,TA
186500,1792,6,2000,451,936,2,8,Gilbert,Y,Gd,TA
160000,1126,5,1977,484,1126,2,5,Mitchel,Y,TA,TA
174000,1537,6,1962,462,1319,2,7,NAmes,Y,TA,Gd
120500,864,4,1971,528,864,2,5,NAmes,Y,TA,TA
394617,1932,8,2008,774,1932,3,7,NridgHt,Y,Ex,Ex
149700,1236,6,1957,923,912,2,6,OldTown,Y,TA,TA
197000,1725,7,1979,550,539,2,6,NWAmes,Y,TA,TA
191000,2555,6,1922,672,588,2,11,Crawfor,Y,Ex,TA
149300,848,6,2004,420,848,2,3,CollgCr,Y,Gd,Gd
310000,2007,10,2008,812,1017,3,10,Somerst,Y,Ex,Ex
121000,952,6,1916,192,952,1,4,BrkSide,N,TA,TA
179600,1422,7,2004,626,1422,2,7,CollgCr,Y,Gd,Gd
129000,913,6,1966,240,814,1,6,Sawyer,Y,TA,TA
157900,1188,5,1962,312,1188,1,6,Mitchel,Y,TA,TA
240000,2090,8,1995,556,1220,2,8,CollgCr,Y,Gd,Gd
112000,1346,4,1910,384,560,1,6,Edwards,N,Fa,TA
92000,630,5,1970,0,630,0,3,MeadowV,Y,Gd,TA
136000,1792,5,1974,0,896,0,8,NAmes,Y,Gd,TA
287090,1578,8,2008,840,1573,3,7,Somerst,Y,Gd,Gd
145000,1072,5,2005,525,547,2,5,Edwards,Y,Gd,TA
84500,1140,5,2006,0,1140,0,6,Mitchel,Y,Gd,TA
185000,1221,7,2004,400,1221,2,6,Somerst,Y,Gd,Gd
175000,1647,6,1999,460,953,2,7,Gilbert,Y,Gd,TA
210000,2073,6,1978,500,1542,2,7,NWAmes,Y,Gd,TA
266500,2340,7,1941,252,1152,1,9,Crawfor,Y,TA,Ex
142125,1078,5,1950,240,1078,1,5,NAmes,Y,TA,TA
147500,1256,5,1965,276,1256,1,6,Edwards,Y,TA,Gd
